--
-- PostgreSQL database dump
--

-- Dumped from database version 12.9 (Ubuntu 12.9-0ubuntu0.20.04.1)
-- Dumped by pg_dump version 12.9 (Ubuntu 12.9-0ubuntu0.20.04.1)

SET statement_timeout = 0;
SET lock_timeout = 0;
SET idle_in_transaction_session_timeout = 0;
SET client_encoding = 'UTF8';
SET standard_conforming_strings = on;
SELECT pg_catalog.set_config('search_path', '', false);
SET check_function_bodies = false;
SET xmloption = content;
SET client_min_messages = warning;
SET row_security = off;

SET default_tablespace = '';

SET default_table_access_method = heap;

--
-- Name: addresses; Type: TABLE; Schema: public; Owner: postgres
--

CREATE TABLE public.addresses (
    id_addresse bigint NOT NULL,
    contact character varying(50) NOT NULL,
    ville character varying(50) NOT NULL,
    pays character varying(50) NOT NULL,
    mail character varying(50) NOT NULL
);


ALTER TABLE public.addresses OWNER TO postgres;

--
-- Name: addresses_id_addresse_seq; Type: SEQUENCE; Schema: public; Owner: postgres
--

CREATE SEQUENCE public.addresses_id_addresse_seq
    START WITH 1
    INCREMENT BY 1
    NO MINVALUE
    NO MAXVALUE
    CACHE 1;


ALTER TABLE public.addresses_id_addresse_seq OWNER TO postgres;

--
-- Name: addresses_id_addresse_seq; Type: SEQUENCE OWNED BY; Schema: public; Owner: postgres
--

ALTER SEQUENCE public.addresses_id_addresse_seq OWNED BY public.addresses.id_addresse;


--
-- Name: car; Type: TABLE; Schema: public; Owner: postgres
--

CREATE TABLE public.car (
    id_car bigint NOT NULL,
    nom character varying(50) NOT NULL,
    model character varying(50) NOT NULL,
    price integer
);


ALTER TABLE public.car OWNER TO postgres;

--
-- Name: car_id_car_seq; Type: SEQUENCE; Schema: public; Owner: postgres
--

CREATE SEQUENCE public.car_id_car_seq
    START WITH 1
    INCREMENT BY 1
    NO MINVALUE
    NO MAXVALUE
    CACHE 1;


ALTER TABLE public.car_id_car_seq OWNER TO postgres;

--
-- Name: car_id_car_seq; Type: SEQUENCE OWNED BY; Schema: public; Owner: postgres
--

ALTER SEQUENCE public.car_id_car_seq OWNED BY public.car.id_car;


--
-- Name: person; Type: TABLE; Schema: public; Owner: postgres
--

CREATE TABLE public.person (
    id_person bigint NOT NULL,
    nom character varying(50),
    prenom character varying(50),
    id_car bigint,
    id_addresse bigint
);


ALTER TABLE public.person OWNER TO postgres;

--
-- Name: person_id_person_seq; Type: SEQUENCE; Schema: public; Owner: postgres
--

CREATE SEQUENCE public.person_id_person_seq
    START WITH 1
    INCREMENT BY 1
    NO MINVALUE
    NO MAXVALUE
    CACHE 1;


ALTER TABLE public.person_id_person_seq OWNER TO postgres;

--
-- Name: person_id_person_seq; Type: SEQUENCE OWNED BY; Schema: public; Owner: postgres
--

ALTER SEQUENCE public.person_id_person_seq OWNED BY public.person.id_person;


--
-- Name: addresses id_addresse; Type: DEFAULT; Schema: public; Owner: postgres
--

ALTER TABLE ONLY public.addresses ALTER COLUMN id_addresse SET DEFAULT nextval('public.addresses_id_addresse_seq'::regclass);


--
-- Name: car id_car; Type: DEFAULT; Schema: public; Owner: postgres
--

ALTER TABLE ONLY public.car ALTER COLUMN id_car SET DEFAULT nextval('public.car_id_car_seq'::regclass);


--
-- Name: person id_person; Type: DEFAULT; Schema: public; Owner: postgres
--

ALTER TABLE ONLY public.person ALTER COLUMN id_person SET DEFAULT nextval('public.person_id_person_seq'::regclass);


--
-- Data for Name: addresses; Type: TABLE DATA; Schema: public; Owner: postgres
--

COPY public.addresses (id_addresse, contact, ville, pays, mail) FROM stdin;
1	180-373-1677	Old City	Palestinian Territory	jsifflett0@whitehouse.gov
2	859-222-0843	San Clemente	Peru	emollnar1@economist.com
3	888-491-2147	Pancalan	Indonesia	fwaterland2@vistaprint.com
4	384-735-8202	Jiebu	China	vlaneham3@virginia.edu
5	349-626-4740	Svilengrad	Bulgaria	ktorfin4@gnu.org
6	786-973-4370	Banepa	Nepal	afairham5@sourceforge.net
7	761-296-0382	Shanggan	China	xcarcass6@elegantthemes.com
8	127-922-5298	Tuqiao	China	ephilson7@liveinternet.ru
9	754-468-3228	Saint-Denis	Reunion	emacgahy8@cnet.com
10	257-285-8787	Doljevac	Serbia	wstuchbury9@digg.com
11	585-768-4992	Drawsko	Poland	melixa@tinypic.com
12	357-242-8944	Mapulo	Philippines	kzornb@prnewswire.com
13	228-555-9547	Huaqiu	China	omcroriec@buzzfeed.com
14	557-885-3293	Yuxin	China	jquintond@dropbox.com
15	943-719-2596	Xiashitai	China	smouline@yelp.com
16	135-243-8838	Jönköping	Sweden	lgehringf@goo.ne.jp
17	445-377-9347	Vlissingen	Netherlands	mwebling@booking.com
18	437-666-0448	Svoboda nad Úpou	Czech Republic	dhoysh@phpbb.com
19	438-524-3663	Canta	Peru	mthickingi@chicagotribune.com
20	857-543-6565	Cijambe	Indonesia	aroddaj@mit.edu
21	799-715-8899	Val-de-Reuil	France	rstroulgerk@guardian.co.uk
22	163-492-4847	Kladruby	Czech Republic	ppeotzl@flavors.me
23	898-486-1846	Pereiras	Portugal	jleathartm@nationalgeographic.com
24	266-543-0268	Luqa	Malta	ceastridgen@booking.com
25	943-472-1147	Vogan	Togo	cmazilliuso@blogspot.com
26	190-644-3655	Khasht’arrak	Armenia	ggritsaevp@imdb.com
27	834-978-6649	Pahonjean	Indonesia	adunq@theglobeandmail.com
28	882-816-5460	Bingerville	Ivory Coast	seymerr@mapy.cz
29	336-148-9495	Lengji	China	gnoorwoods@comcast.net
30	670-772-6488	Pancan	Peru	srabbattst@google.cn
31	341-801-5609	Sadabumi	Indonesia	csymonu@123-reg.co.uk
32	247-158-8258	Vicente Guerrero	Mexico	glindenbergv@weibo.com
33	568-807-2887	Florencia	Cuba	kkempshallw@google.com.au
34	592-165-1418	Sumberngerjat	Indonesia	hedmandx@nhs.uk
35	816-687-5904	Sydney	Australia	vmalimy@ucoz.ru
36	474-989-1225	Dayanggezhuang	China	paddinallz@last.fm
37	710-572-0782	Izumi	Japan	tlangstrath10@ox.ac.uk
38	583-273-1682	Wonokerto	Indonesia	pscarffe11@weibo.com
39	593-368-3285	Baiqi	China	mtoppin12@dailymail.co.uk
40	720-979-9615	Pyzdry	Poland	jdowker13@mozilla.com
41	458-262-7526	Borås	Sweden	aurey14@51.la
42	401-202-9525	Bremen	Germany	sgallen15@tiny.cc
43	281-717-1979	Barranca de Upía	Colombia	awilding16@fotki.com
44	495-681-9109	Nong Phok	Thailand	mdanaher17@usgs.gov
45	240-339-7240	Na'ale	Israel	vfilinkov18@virginia.edu
46	525-635-9849	Zaysan	Kazakhstan	gcortin19@studiopress.com
47	676-221-2733	Wujia	China	dwalbrun1a@fema.gov
48	443-488-9700	Xiongchi	China	jferriby1b@cargocollective.com
49	961-232-1231	Soledad	Colombia	sbridell1c@dropbox.com
50	395-229-3727	Radeče	Slovenia	jburkhill1d@businesswire.com
51	376-312-9879	Shuangchahe	China	dchesher1e@linkedin.com
52	838-544-6045	Ramotswa	Botswana	jnare1f@ocn.ne.jp
53	810-825-1845	Glamang	Philippines	gvandenvelden1g@arizona.edu
54	674-291-9635	Maiorca	Portugal	cehrat1h@cnet.com
55	180-994-9346	Vale da Serra	Portugal	kvaughton1i@xinhuanet.com
56	612-594-3302	Nanmuping	China	mguarnier1j@gizmodo.com
57	648-565-9922	Dadaha	Indonesia	dburnie1k@marriott.com
58	393-943-4832	Cililitan	Indonesia	ajasper1l@google.com.au
59	240-650-8158	Basel	Switzerland	mblankman1m@google.nl
60	272-220-3347	Nancheng	China	lsouten1n@skyrock.com
61	725-670-5931	Daru	Sierra Leone	cchadbourne1o@blogspot.com
62	494-753-6310	Guang’an	China	wjoutapavicius1p@oracle.com
63	836-920-8012	Lucapa	Angola	lstinson1q@photobucket.com
64	525-882-7769	Milići	Bosnia and Herzegovina	hgabbot1r@godaddy.com
65	618-208-9200	Xiangdong	China	ltwiddell1s@dmoz.org
66	817-589-4254	Podsineye	Russia	dbrim1t@facebook.com
67	220-772-9378	Amphawa	Thailand	ephilcock1u@illinois.edu
68	445-916-6316	Vale de Rolas	Portugal	mweond1v@shareasale.com
69	829-133-3529	Montréal	Canada	cbramwich1w@sogou.com
70	377-191-1209	Orléans	France	gcanas1x@un.org
71	996-263-2215	Igreja	Portugal	sroberti1y@msn.com
72	666-751-9326	Blois	France	jlumbers1z@php.net
73	441-311-5227	Mymensingh	Bangladesh	nleadley20@cmu.edu
74	661-151-6948	Sida	Thailand	ldoyley21@discuz.net
75	210-940-1251	Xam Nua	Laos	hskalls22@japanpost.jp
76	905-383-1813	Cikuya	Indonesia	sglaves23@springer.com
77	156-364-8721	Mahaplag	Philippines	bgrishagin24@zdnet.com
78	605-112-1114	Lesnikovo	Russia	cgolston25@acquirethisname.com
79	958-268-7907	Koper	Slovenia	kwoodcock26@google.pl
80	479-555-8277	Hedong	China	dspencook27@friendfeed.com
81	927-112-1958	Zhongdong	China	umacgow28@ifeng.com
82	482-217-9844	José de Freitas	Brazil	parchard29@addthis.com
83	171-312-1070	Turba	Estonia	itarplee2a@sourceforge.net
84	949-184-8121	Kisii	Kenya	sadamovsky2b@archive.org
85	845-293-8090	Adstock	Canada	bboliver2c@harvard.edu
86	850-399-1840	Zangzhai	China	emayor2d@joomla.org
87	814-338-0777	Panglanjan	Indonesia	lstowte2e@hp.com
88	275-236-5092	Calauan	Philippines	chaslegrave2f@cocolog-nifty.com
89	728-471-6741	Ceres	Argentina	mmitkin2g@nhs.uk
90	769-918-8431	Īlām	Iran	jrickertsen2h@bloglovin.com
91	163-669-3849	Salvacion	Philippines	tsuffield2i@mozilla.com
92	746-492-3446	Gostivar	Macedonia	lcurm2j@friendfeed.com
93	543-437-0831	Gominhães	Portugal	geverit2k@apple.com
94	121-878-8464	Yanahuanca	Peru	whumbee2l@mac.com
95	906-849-0521	Ageoshimo	Japan	fsanper2m@unicef.org
96	333-106-4831	Santa Luċija	Malta	fcastagneri2n@economist.com
97	438-787-2458	Loboniki	Indonesia	nbranston2o@thetimes.co.uk
98	282-832-8839	Mollepampa	Peru	rdunthorn2p@nba.com
99	247-901-5964	Di Linh	Vietnam	bmahedy2q@slideshare.net
100	596-366-4391	Lakkha Nëvre	Russia	bcorden2r@google.com.hk
101	158-921-4302	Botucatu	Brazil	spreuvost2s@jalbum.net
102	948-200-6867	Sonzacate	El Salvador	adelaperrelle2t@infoseek.co.jp
103	242-849-0681	Niaohe	China	ssetterfield2u@123-reg.co.uk
104	767-508-7861	Jaboatão dos Guararapes	Brazil	ggeraldo2v@over-blog.com
105	987-833-9846	Kafr Zaytā	Syria	ewinterbotham2w@fotki.com
106	721-293-8794	El Limon	Mexico	eprandin2x@nifty.com
107	272-492-4975	Zhouhu	China	cdaughtry2y@reddit.com
108	743-858-0163	Aiquile	Bolivia	jblyde2z@unblog.fr
109	410-416-3502	Puger	Indonesia	cschuchmacher30@about.com
110	926-600-0766	Kasreman	Indonesia	tcann31@squidoo.com
111	917-680-5991	Taoyao	China	tdollar32@google.ca
112	753-774-7098	Ban Nong Wua So	Thailand	jhazelhurst33@pcworld.com
113	539-772-3765	Guashe	China	lpryke34@usnews.com
114	821-856-0212	Betioky	Madagascar	gdoddridge35@icio.us
115	480-157-2341	Duraykīsh	Syria	roldnall36@infoseek.co.jp
116	354-472-0701	Paulo Afonso	Brazil	gstansfield37@boston.com
117	586-337-4087	Uwa	Indonesia	gjesson38@comsenz.com
118	968-521-6660	Parnamirim	Brazil	slorroway39@mlb.com
119	702-525-3587	Perepravnaya	Russia	mholleran3a@lulu.com
120	850-322-5386	Shanghu	China	rsilver3b@lycos.com
121	608-645-9582	Madison	United States	jcumbridge3c@edublogs.org
122	646-781-8435	Changping	China	nnelius3d@posterous.com
123	199-151-8394	Tsybulevka	Ukraine	openwell3e@si.edu
124	896-459-8035	Kitami	Japan	dgowry3f@virginia.edu
125	311-559-5597	Komga	South Africa	sdifrisco3g@1688.com
126	303-394-6851	Sukosari	Indonesia	pgullivan3h@csmonitor.com
127	740-794-4871	Thị Trấn Trùng Khánh	Vietnam	djorden3i@ebay.co.uk
128	433-924-9247	Tamanan	Indonesia	pomurtagh3j@wix.com
129	273-331-6861	Malanje	Angola	cnathon3k@paypal.com
130	580-721-1219	Gongping	China	hgouldeby3l@tamu.edu
131	491-144-9364	Talibura	Indonesia	dkulas3m@mozilla.com
132	496-449-4082	Pampas Chico	Peru	laggott3n@biblegateway.com
133	986-497-2520	Shuya	Russia	dvreiberg3o@wikimedia.org
134	193-506-0322	Bambang	Philippines	dkliemann3p@nydailynews.com
135	848-242-7675	Žirovnica	Slovenia	ckohring3q@istockphoto.com
136	588-565-8086	Curahnongko	Indonesia	sjanata3r@hatena.ne.jp
137	202-391-3117	Jixiang	China	hyandell3s@furl.net
138	565-797-7514	La Azulita	Venezuela	tdaugherty3t@hugedomains.com
139	817-677-6226	Bat Khela	Pakistan	dlafee3u@last.fm
140	256-759-9618	Livramento do Brumado	Brazil	oskoof3v@360.cn
141	376-141-1493	Sölvesborg	Sweden	cbalazs3w@uiuc.edu
142	448-991-5073	Freire	Chile	lgagg3x@gizmodo.com
143	821-946-7077	Oslo	Norway	mnaden3y@delicious.com
144	699-789-5899	Zaoshi	China	bjenking3z@howstuffworks.com
145	235-900-0116	Lewolen	Indonesia	npetrasek40@google.com
146	386-724-0116	Beigucheng	China	lthurlbeck41@adobe.com
147	271-545-3675	Licheng	China	hblabey42@hud.gov
148	196-681-9838	Valencia	Philippines	cgrent43@gov.uk
149	600-376-6967	Dampit Satu	Indonesia	zglasebrook44@discuz.net
150	663-315-2756	Naga	Philippines	tcrop45@wikipedia.org
151	732-752-7664	Staryy Dobrotvir	Ukraine	ahuckerby46@sfgate.com
152	641-421-1967	Bubanza	Burundi	kjeannaud47@t-online.de
153	896-561-6529	Qiaotou	China	dlenz48@etsy.com
154	927-212-1612	Wengyang	China	nwyvill49@yellowpages.com
155	423-468-2486	Belsk Duży	Poland	agadsdon4a@bing.com
156	726-823-7128	Herzliya Pituah	Israel	btrimbey4b@utexas.edu
157	247-986-9486	Islāmkot	Pakistan	ajuppe4c@home.pl
158	382-300-7748	Guanzhuang	China	lthurstance4d@sourceforge.net
159	325-462-7568	Limín Khersonísou	Greece	jtoffalo4e@blogger.com
160	341-574-4004	Sanjiao	China	jvangeffen4f@rakuten.co.jp
161	959-127-8596	Passos	Portugal	sbaine4g@about.com
162	486-936-1129	Bururi	Burundi	jkassidy4h@merriam-webster.com
163	570-610-0484	Scranton	United States	dpalser4i@acquirethisname.com
164	764-635-1924	Bolkhov	Russia	vvanstone4j@geocities.jp
165	833-948-7776	Kesambilerenkrajan	Indonesia	divanyukov4k@uiuc.edu
166	307-551-1396	Smoky Lake	Canada	porkney4l@army.mil
167	702-482-9263	Las Vegas	United States	ninglish4m@columbia.edu
168	595-999-9188	Sīdī Sālim	Egypt	chaxell4n@163.com
169	850-825-2938	Resapombo	Indonesia	jmatcham4o@feedburner.com
170	170-731-0168	Sibayo	Peru	awaison4p@mozilla.com
171	297-578-4063	Nikol’skoye	Russia	dleibold4q@reddit.com
172	809-391-0137	Hrotovice	Czech Republic	fbugdall4r@google.ru
173	719-659-3066	Lewoeleng	Indonesia	erobbe4s@noaa.gov
174	836-158-7573	Lazaro Cardenas	Mexico	hjauncey4t@wordpress.com
175	743-162-1503	Vrýses	Greece	dboater4u@nydailynews.com
176	534-775-6378	Santa Catalina - Dique Lujan	Argentina	nhendron4v@moonfruit.com
177	524-814-7154	Minas de Oro	Honduras	frimes4w@gmpg.org
178	268-631-3414	Laingsburg	South Africa	dvigers4x@independent.co.uk
179	988-817-3512	Envira	Brazil	stames4y@hao123.com
180	731-972-5805	Isaka	Tanzania	htilburn4z@php.net
181	521-444-7195	Picoto	Portugal	fhebard50@pcworld.com
182	776-153-6168	Salaberry-de-Valleyfield	Canada	nbenezet51@indiatimes.com
183	278-548-1922	Lairoka	Indonesia	tbonhill52@vkontakte.ru
184	580-784-2080	Ropcha	Ukraine	cglossop53@ihg.com
185	312-218-4330	Chicago	United States	mdegiovanni54@shareasale.com
186	767-688-8710	Kalchevaya	Ukraine	jsowerby55@live.com
187	564-603-1130	Sukaraharja	Indonesia	plindman56@illinois.edu
188	805-683-7955	Simi Valley	United States	ezimmer57@deviantart.com
189	663-986-4217	Adamantina	Brazil	kyeld58@unicef.org
190	656-526-5845	Kroya	Indonesia	kdominik59@yellowbook.com
191	694-354-5375	Thị Trấn Na Hang	Vietnam	gmoden5a@chron.com
192	667-184-2071	Vuokatti	Finland	kjolly5b@google.com.br
193	609-835-0202	Yongping	China	crouth5c@fotki.com
194	108-220-5454	Portão	Brazil	rcrux5d@latimes.com
195	176-796-2656	Kapunduk	Indonesia	klyver5e@fda.gov
196	328-337-2189	Tournai	Belgium	eclampin5f@shinystat.com
197	804-246-2945	Bila	Bosnia and Herzegovina	tfoxon5g@washington.edu
198	737-105-2866	Voiron	France	ghannabuss5h@simplemachines.org
199	626-295-9367	Ugbokpo	Nigeria	kioannou5i@thetimes.co.uk
200	864-337-8262	Kolonowskie	Poland	evanichev5j@europa.eu
201	440-166-2220	Yafan	China	hgyurkovics5k@harvard.edu
202	638-100-0333	Zheleznodorozhnyy	Russia	mnewhouse5l@mayoclinic.com
203	445-872-7516	El Galpón	Argentina	gvardie5m@dedecms.com
204	407-945-3471	Pau	France	bskullet5n@goo.gl
205	410-977-3321	Yangchun	China	adanielsky5o@jimdo.com
206	596-512-1619	Três Pontas	Brazil	vchurchyard5p@intel.com
207	468-718-9447	Qinhong	China	rgillam5q@reverbnation.com
208	619-341-0267	Cofimvaba	South Africa	dfont5r@webnode.com
209	446-913-3685	Sirindhorn	Thailand	npezey5s@examiner.com
210	949-578-8811	Seraya	Indonesia	lkubal5t@wired.com
211	594-208-0582	Tanglag	China	imallatratt5u@google.es
212	318-791-2530	Apodi	Brazil	ahouliston5v@goo.gl
213	273-542-4524	Ryazan’	Russia	lgaine5w@springer.com
214	692-950-8613	Bù Đốp	Vietnam	lewert5x@jugem.jp
215	440-615-8606	Powassan	Canada	ebollum5y@hugedomains.com
216	100-428-6879	Jianguang	China	sdrennan5z@eepurl.com
217	323-828-7668	Nūrābād	Iran	hhoyt60@t.co
218	761-157-3507	Barwałd Górny	Poland	ksartain61@nature.com
219	135-188-4332	Heyou	China	rmaillard62@sbwire.com
220	383-175-2768	Huangshi	China	lkendrick63@samsung.com
221	157-861-0625	Dzüyl	Mongolia	jeastwood64@dmoz.org
222	803-914-9291	Khao Yoi	Thailand	labrahmson65@java.com
223	537-350-1885	Bastia	France	gslott66@geocities.jp
224	578-700-6995	Kukuluk	Indonesia	dwelburn67@sbwire.com
225	605-624-8040	Weihai	China	ddanielou68@nasa.gov
226	954-949-4206	Batas Barat	Indonesia	wgeertsen69@desdev.cn
227	363-545-9452	Rahayu Dua	Indonesia	rmerwede6a@acquirethisname.com
228	305-170-0405	Gampola	Sri Lanka	rmarvin6b@paypal.com
229	795-336-0158	Eldoret	Kenya	rgritland6c@dell.com
230	989-506-8830	Chunjiang	China	kgamlin6d@un.org
231	126-583-5118	Opočno	Czech Republic	bwalesa6e@github.com
232	923-129-6951	Puro Pinget	Philippines	fmcfaul6f@fda.gov
233	366-167-4547	Wenbi	China	gjacobsohn6g@surveymonkey.com
234	113-719-1587	Krasnyy Profintern	Russia	benders6h@nih.gov
235	875-772-6169	Jiujiang	China	dwoollin6i@princeton.edu
236	989-886-0197	Hupalivka	Ukraine	aprydden6j@ning.com
237	729-729-8750	Kangān	Iran	emccrum6k@cnn.com
238	597-479-8055	Khoa	Laos	hgounel6l@skype.com
239	347-616-5921	Sūq Sibāḩ	Yemen	rcorish6m@google.nl
240	666-966-9846	Codoi	China	dszabo6n@ft.com
241	512-517-3683	Lennec	Philippines	gsneyd6o@dion.ne.jp
242	435-189-8215	Banjarjo	Indonesia	ahaydock6p@alexa.com
243	517-745-3833	Barqueiro	Portugal	aperelli6q@umn.edu
244	583-470-6330	Sarankhola	Bangladesh	sdesouza6r@yelp.com
245	907-269-2503	Bulongji	China	ttroman6s@jugem.jp
246	922-171-3361	Guancheng	China	asherborn6t@rediff.com
247	731-373-4757	Youludu Sibage	China	agiovannoni6u@google.com.hk
248	698-709-5056	Slobodka	Russia	tbathurst6v@ed.gov
249	160-612-6535	Pontevedra	Spain	ssyrad6w@addthis.com
250	902-890-7963	Tanglag	China	ftweedy6x@census.gov
251	949-290-5987	Jambesari	Indonesia	mscreas6y@pagesperso-orange.fr
252	618-757-8409	Miandrivazo	Madagascar	vberfoot6z@themeforest.net
253	438-582-3975	Mercedes	Costa Rica	adresse70@scribd.com
254	316-801-5137	Passos	Brazil	cmilmith71@miitbeian.gov.cn
255	658-272-5063	Eaubonne	France	epaulillo72@timesonline.co.uk
256	266-186-1886	Kalabahi	Indonesia	epickthorn73@sfgate.com
257	772-206-4490	Batulayang	Indonesia	askain74@nifty.com
258	820-168-1287	Pīr jo Goth	Pakistan	wglanville75@dagondesign.com
259	465-982-2847	Bunisari	Indonesia	aclappison76@nsw.gov.au
260	705-329-6199	Bueng Khong Long	Thailand	lwhiley77@apple.com
261	742-468-3007	Sindangsari	Indonesia	gbertot78@spiegel.de
262	245-870-6797	Dřevohostice	Czech Republic	rdjurdjevic79@goodreads.com
263	819-298-2288	Arras	France	gkingzett7a@blogger.com
264	146-400-9777	Gungguh	Indonesia	htirone7b@webmd.com
265	399-483-1252	Mapinrea	Indonesia	gbumby7c@amazon.com
266	359-457-8484	Qinghaihu	China	emannin7d@printfriendly.com
267	416-327-8187	Biguaçu	Brazil	brodinger7e@example.com
268	174-828-1072	Padamulya	Indonesia	nguidini7f@wikia.com
269	347-296-9586	Ngantru	Indonesia	rglander7g@scientificamerican.com
270	366-766-3375	Ágio Pnévma	Greece	wsquirrell7h@reverbnation.com
271	377-363-2998	Nazrēt	Ethiopia	tdreye7i@arstechnica.com
272	350-186-4190	Qingshu	China	nbaumann7j@nydailynews.com
273	916-614-0279	København	Denmark	skeyho7k@studiopress.com
274	201-526-1941	Dhaka	Bangladesh	jmussettini7l@ucoz.ru
275	931-521-7276	Valcheta	Argentina	ddysart7m@house.gov
276	356-966-4098	Dacudao	Philippines	cespinel7n@noaa.gov
277	846-960-9900	Puerto Iguazú	Argentina	emcquaker7o@de.vu
278	158-902-4983	Sobreda	Portugal	slandsberg7p@jalbum.net
279	785-660-4555	Novo Selo	Bulgaria	lmarlor7q@examiner.com
280	552-262-5764	Malá Strana	Czech Republic	jping7r@cdc.gov
281	386-672-8429	Sendang	Indonesia	lkeyme7s@imdb.com
282	985-512-9913	Aco	Peru	jmccall7t@jugem.jp
283	446-354-1933	Yushu	China	egirdwood7u@is.gd
284	805-424-7124	Dayr Abū Ḑa‘īf	Palestinian Territory	llangelay7v@purevolume.com
285	895-413-2215	Leon	Spain	bsheard7w@fema.gov
286	433-154-5484	Qinnan	China	csilverman7x@huffingtonpost.com
287	602-837-0703	Phoenix	United States	botson7y@stanford.edu
288	134-952-1101	Karangmelok	Indonesia	phulett7z@technorati.com
289	382-369-4946	Rizal	Philippines	tmcmeyler80@wired.com
290	289-394-0799	Nanling	China	zklaassens81@free.fr
291	140-552-1482	Altos	Paraguay	jvaughanhughes82@list-manage.com
292	547-757-9312	Faleula	Samoa	erehme83@vk.com
293	169-411-9379	Kawangohari	Indonesia	fstyant84@un.org
294	978-203-7746	Sondo	Indonesia	jcassedy85@com.com
295	790-781-2927	Vidyayevo	Russia	lennor86@myspace.com
296	407-776-6115	Qarqania	Syria	gharfleet87@nasa.gov
297	517-232-3623	Acul du Nord	Haiti	greichert88@globo.com
298	601-233-3861	Dadus	Philippines	dmacconnel89@hibu.com
299	854-494-6546	Mstów	Poland	mbrandsen8a@pinterest.com
300	823-786-7533	Coquitlam	Canada	wcoop8b@hhs.gov
301	853-193-7635	Eci	Indonesia	bforeman8c@hubpages.com
302	113-803-7594	Masalovka	Russia	blodwick8d@lycos.com
303	964-860-1822	Sindangan	Philippines	ptimcke8e@yolasite.com
304	801-517-5816	Araripina	Brazil	cbril8f@nature.com
305	590-207-5522	Al Mughayyir	Palestinian Territory	mgwyther8g@lulu.com
306	128-139-5893	Indaial	Brazil	dusher8h@ehow.com
307	676-275-9106	Três Coroas	Brazil	mmccallion8i@time.com
308	778-547-6347	Dmitriyevka	Russia	phallows8j@virginia.edu
309	292-169-2013	Xinglong	China	dlogg8k@hud.gov
310	992-693-1854	Priupskiy	Russia	cgorick8l@psu.edu
311	328-633-2853	Huangpi	China	rdevin8m@foxnews.com
312	429-902-6780	Abū Sunbul	Egypt	jcansdall8n@wsj.com
313	663-274-4620	Vesele	Ukraine	jpresslie8o@vkontakte.ru
314	140-352-9607	Yunxi	China	zcraighall8p@oracle.com
315	465-363-0404	Tipo-Tipo	Philippines	gcolnet8q@xinhuanet.com
316	450-834-1894	Qixingtai	China	ayoungman8r@spiegel.de
317	180-151-3108	Milovice	Czech Republic	cbernardy8s@pen.io
318	337-898-1798	Kilkís	Greece	dcritoph8t@dedecms.com
319	838-893-3816	Jiangchi	China	kdavidman8u@sourceforge.net
320	701-339-8915	Fargo	United States	csaph8v@friendfeed.com
321	461-683-4249	Playas	Ecuador	jeytel8w@dmoz.org
322	243-286-2402	Zaječar	Serbia	cbortoloni8x@wordpress.org
323	217-994-6978	Bajos de Haina	Dominican Republic	wgeaves8y@e-recht24.de
324	641-205-1003	Santa Catalina	Peru	tthomen8z@accuweather.com
325	943-818-5861	Vyaz’ma	Russia	acianelli90@ca.gov
326	445-687-5758	Cambuí	Brazil	jodooghaine91@webmd.com
327	380-617-1805	Krugersdorp	South Africa	dkillock92@live.com
328	899-640-4007	Kanoya	Japan	gbertrand93@eventbrite.com
329	351-167-7723	Burayevo	Russia	aforsyde94@google.ca
330	688-688-1649	Kashmor	Pakistan	cduggan95@squidoo.com
331	850-237-0920	Banjar Asahduren	Indonesia	sjimes96@eventbrite.com
332	567-579-7669	Kosum Phisai	Thailand	acanape97@slideshare.net
333	616-238-0564	Dalupirip	Philippines	sgershom98@blog.com
334	210-595-1694	San Antonio	United States	mmichel99@walmart.com
335	390-413-8338	Rahayu Dua	Indonesia	lspindler9a@drupal.org
336	384-752-5849	Kåge	Sweden	bfransseni9b@dyndns.org
337	128-973-8465	Sidem	Indonesia	hconnick9c@imageshack.us
338	243-529-3142	Ilagan	Philippines	eshawyers9d@yahoo.co.jp
339	109-221-1023	Pulilan	Philippines	aaylin9e@weather.com
340	629-200-5887	Alejo Ledesma	Argentina	cwillock9f@tuttocitta.it
341	682-296-4739	Vetlanda	Sweden	mstather9g@wunderground.com
342	780-145-5710	Zakupne	Ukraine	msenussi9h@timesonline.co.uk
343	166-860-2605	Puerto Cisnes	Chile	pbrazel9i@washington.edu
344	306-651-3070	Caofang	China	mishaki9j@google.it
345	718-289-2058	Sarata	Ukraine	randresser9k@java.com
346	842-810-4247	Jiangkou	China	apratton9l@alibaba.com
347	901-885-8960	Calvinia	South Africa	nbussens9m@photobucket.com
348	637-948-9440	Dresden	Germany	jashborn9n@amazon.de
349	478-535-5988	Qārah	Syria	rcowley9o@purevolume.com
350	852-928-2502	Dayuan	China	mdeners9p@taobao.com
351	220-644-2023	Magdug	Philippines	aocklin9q@weibo.com
352	603-792-1316	Bratislava	Slovakia	snutten9r@engadget.com
353	956-999-5010	Donggong	China	bruddle9s@apple.com
354	927-548-3765	Dianfang	China	dgeorgescu9t@dropbox.com
355	135-472-9183	Tres Unidos	Peru	alalevee9u@typepad.com
356	626-958-7161	Jōetsu	Japan	jjewett9v@hostgator.com
357	379-562-2625	Al Wuday‘	Yemen	develeigh9w@i2i.jp
358	192-132-0424	Guataquí	Colombia	szaniolo9x@about.me
359	958-880-2550	Halmstad	Sweden	aroistone9y@surveymonkey.com
360	748-771-0070	Deje	Sweden	hmortel9z@utexas.edu
361	611-349-6894	Hexing	China	tblurtona0@statcounter.com
362	668-622-6440	Maoshan	China	cmcettricka1@163.com
363	515-846-6461	Jinli	China	bwhightmana2@mlb.com
364	721-933-9514	Shaowu	China	sbeddinghama3@google.it
365	558-941-3053	Lambangan Kulon	Indonesia	bchatfielda4@purevolume.com
366	613-449-7904	Pivijay	Colombia	kbromella5@diigo.com
367	214-395-0780	Dallas	United States	hwestpfela6@ycombinator.com
368	937-716-4866	Hrvatini	Slovenia	csidnalla7@flavors.me
369	209-273-5446	Rohia	Tunisia	cmendusa8@themeforest.net
370	502-876-8679	Pucacaca	Peru	bcorbeta9@fc2.com
371	230-343-2469	Soko	Indonesia	skarchewskiaa@comsenz.com
372	457-484-5757	Anbyŏn-ŭp	North Korea	vsabatesab@4shared.com
373	637-476-0027	Georgiyevsk	Russia	ebassanoac@soundcloud.com
374	537-967-9012	Australia Square	Australia	rgrishechkinad@ucoz.ru
375	679-924-9032	Korolev	Russia	dtomaselliae@etsy.com
376	350-475-0694	Alvaiázere	Portugal	abrownhillaf@amazon.de
377	490-719-6177	Iroquois Falls	Canada	hhuntleyag@miibeian.gov.cn
378	914-282-4804	La Gi	Vietnam	tdecourcyah@canalblog.com
379	464-457-8660	Ruse	Bulgaria	bjosephsenai@drupal.org
380	127-104-6918	Mancogeh	Indonesia	shastleraj@cargocollective.com
381	103-571-2083	Carvalhal Redondo	Portugal	adepkaak@prweb.com
382	936-236-0750	Yanhong	China	gworsallal@tumblr.com
383	212-570-8704	New York City	United States	civankinam@tripod.com
384	924-195-0048	Caringin Lor	Indonesia	elumoxan@nba.com
385	972-379-0274	Stakhanov	Ukraine	cparnbyao@discovery.com
386	721-952-4993	Kuala Lumpur	Malaysia	gkettonap@jugem.jp
387	660-973-1327	Nangerang	Indonesia	dleverettaq@msu.edu
388	825-503-1339	Dawe	Indonesia	spollar@hc360.com
389	967-441-9506	Aghada	Ireland	vshirtliffas@mozilla.com
390	687-233-3211	Mendes	Brazil	vkrysztofiakat@smh.com.au
391	943-790-0288	Macroom	Ireland	chaggishau@tumblr.com
392	537-850-0657	Estela	Portugal	tmeaderav@t.co
393	913-468-9595	Sacanche	Peru	vshufflebothamaw@hud.gov
394	292-696-6047	Maanĭt	Mongolia	jmcilveenax@state.tx.us
395	997-648-5906	Ust’-Ulagan	Russia	waickinay@so-net.ne.jp
396	508-618-8462	Novoalekseyevskaya	Russia	adavidgeaz@elegantthemes.com
397	553-708-4176	Wodzisław Śląski	Poland	lvanderplasb0@cnbc.com
398	244-978-1060	Áno Merá	Greece	rcristolb1@nba.com
399	499-620-4242	Yanshi	China	aworkesb2@upenn.edu
400	771-197-6468	Goz Béïda	Chad	rvanlintb3@macromedia.com
401	474-247-6383	Bantarmangu	Indonesia	aspareb4@scribd.com
402	289-534-8473	Alcantara	Philippines	rdalwisb5@dion.ne.jp
403	398-809-7986	Paine	Chile	mlinnittb6@angelfire.com
404	194-195-4722	Hantsport	Canada	jheffernanb7@google.de
405	972-388-5405	Gamleby	Sweden	jlyndsb8@vinaora.com
406	438-130-2126	Looc	Philippines	ahebsonb9@tinyurl.com
407	924-663-2239	Blizne	Poland	pteresiaba@deviantart.com
408	540-401-3832	Timóteo	Brazil	lshorbrookbb@cbsnews.com
409	905-858-9604	Staré Město	Czech Republic	ffindenbc@epa.gov
410	197-985-9799	Xibin	China	widabd@sfgate.com
411	849-815-5730	Maredakamau	Indonesia	cmustonbe@fotki.com
412	303-803-2257	Zeqin	China	zgaenorbf@answers.com
413	893-880-2536	Tenggina Daya	Indonesia	rgillhespybg@uiuc.edu
414	276-872-7062	Wangping	China	ljacobssenbh@ox.ac.uk
415	929-242-0734	Bergerac	France	lsmithemanbi@utexas.edu
416	184-414-7269	Podgorenskiy	Russia	afrottonbj@privacy.gov.au
417	108-982-5078	Mazongling	China	aportingalebk@craigslist.org
418	494-576-2797	Fuxing	China	lbestwerthickbl@yellowpages.com
419	505-170-3987	Wasogolo	Indonesia	bwalbybm@istockphoto.com
420	727-514-7745	Gnosjö	Sweden	nodombn@bravesites.com
421	189-689-6533	Yuyue	China	lfrickebo@opera.com
422	822-155-1161	Kurashiki	Japan	bkernellbp@hud.gov
423	599-507-5154	Novaya Usman’	Russia	bcoverlynbq@fc2.com
424	345-708-6202	Garajati	Indonesia	cionsbr@soundcloud.com
425	949-633-9541	Karangnongko	Indonesia	wheislerbs@reference.com
426	613-868-9577	Kimanuit	Philippines	abrachellbt@t-online.de
427	319-767-4181	Nauchnyy Gorodok	Russia	ckelleherbu@cnbc.com
428	901-701-8762	Chalcos	Peru	nmuffbv@forbes.com
429	561-170-9054	Constance	Portugal	timriebw@weibo.com
430	537-974-4695	Ipiaú	Brazil	smussaredbx@netscape.com
431	670-857-4224	Jerez	Guatemala	tmarteby@sbwire.com
432	532-953-4790	Mozdok	Russia	bellulbz@businessinsider.com
433	126-562-3119	Korotych	Ukraine	dissitc0@com.com
434	714-153-6405	Karlstad	Sweden	vsummerleec1@purevolume.com
435	668-682-3199	Qiaozhuang	China	lrayburnc2@woothemes.com
436	683-481-2063	Zhongshangang	China	wdallewaterc3@nsw.gov.au
437	254-408-7414	Sainte-Anne-des-Monts	Canada	rgaulec4@i2i.jp
438	796-646-6593	San Francisco	Mexico	malesc5@theglobeandmail.com
439	779-509-0349	Buri	Brazil	lcolbyc6@t.co
440	888-525-6894	Koten	Indonesia	cbarnewallc7@ucoz.com
441	115-426-5680	Thiers	France	lcolletc8@amazonaws.com
442	946-539-3460	La Esperanza	Mexico	wimesenc9@cloudflare.com
443	996-654-0356	Pimbalayan	Philippines	bbrugsmaca@nydailynews.com
444	702-373-9070	Chirongui	Mayotte	nmiddletoncb@twitpic.com
445	754-846-0458	Guachucal	Colombia	rgiacubocc@engadget.com
446	645-125-1014	Västervik	Sweden	gfranciotticd@quantcast.com
447	123-667-2978	Västerås	Sweden	junderhillce@posterous.com
448	900-270-5614	Ciawitali	Indonesia	pritchingscf@privacy.gov.au
449	887-248-2826	Talun	Indonesia	ebridiecg@yahoo.co.jp
450	936-488-3099	Thị Trấn Ngải Giao	Vietnam	msorbiech@geocities.com
451	347-475-0525	Kalunan	Indonesia	cprosekci@jimdo.com
452	447-881-9617	Abidjan	Ivory Coast	sneillanscj@princeton.edu
453	273-879-4638	Hostouň	Czech Republic	aborerck@vk.com
454	517-929-0509	Elbasan	Albania	bfrangellocl@google.com.br
455	973-336-4351	Patos de Minas	Brazil	tmaccomecm@multiply.com
456	178-385-7354	Nombre de Jesús	Honduras	ahackettcn@washingtonpost.com
457	380-820-6463	Matola	Mozambique	rmaxstedco@printfriendly.com
458	642-659-6469	Hot	Albania	aleemanscp@taobao.com
459	610-571-6082	Saint-Péray	France	rseincq@cisco.com
460	904-258-4741	Zheleznogorsk	Russia	lcusackcr@miitbeian.gov.cn
461	190-934-7599	Gasi	China	tinkstercs@skyrock.com
462	175-983-2196	Jugezhuang	China	snowakct@ustream.tv
463	377-773-7357	Circa	Peru	lleallcu@usnews.com
464	836-709-2112	Asmara	Eritrea	shedauxcv@cisco.com
465	915-780-5896	Kopen	Indonesia	pemnoneycw@nature.com
466	373-324-8063	Horad Smalyavichy	Belarus	jcodecx@vkontakte.ru
467	890-366-3466	Zhenqian	China	hjacquemecy@hud.gov
468	210-807-7506	Mrągowo	Poland	oriquetcz@topsy.com
469	300-642-3937	Luanshya	Zambia	abusaind0@ucoz.ru
470	407-221-0368	Malaga	Spain	eberringerd1@google.pl
471	697-419-3037	Rennes	France	dmccandlessd2@odnoklassniki.ru
472	842-241-4334	Kryvyy Rih	Ukraine	gstanexd3@live.com
473	665-455-6947	São Martinho do Campo	Portugal	cfrearsond4@networkadvertising.org
474	595-356-3407	Cimanggu	Indonesia	juebeld5@zimbio.com
475	433-672-4253	Saint-Nazaire	France	eyitzowitzd6@wordpress.com
476	787-583-0718	Biały Bór	Poland	morgilld7@icio.us
477	565-686-8959	Katrineholm	Sweden	hcookneyd8@clickbank.net
478	515-309-8386	Kiruna	Sweden	moldalld9@samsung.com
479	845-504-0335	Douniani	Comoros	anormavillda@1und1.de
480	340-468-7959	Barr	France	nsawforddb@51.la
481	336-999-1839	Greensboro	United States	dheidendc@facebook.com
482	415-958-2072	Linoan	Philippines	cmerrifielddd@bigcartel.com
483	729-254-2193	Santa Anita	Mexico	jchesserde@columbia.edu
484	199-974-0874	Ust’-Isha	Russia	hziehmsdf@etsy.com
485	370-552-2398	Mỹ Tho	Vietnam	icalldg@yale.edu
486	932-813-4441	Carmen de Viboral	Colombia	gelkindh@privacy.gov.au
487	983-702-8849	Katagum	Nigeria	fjancardi@ow.ly
488	629-204-6725	Ansan-si	South Korea	ealsforddj@theglobeandmail.com
489	431-250-3203	Suren	Indonesia	ctimoneydk@businesswire.com
490	158-892-9236	Boconó	Venezuela	lchesedl@etsy.com
491	859-259-5045	Mapulo	Philippines	dlordingdm@google.es
492	275-779-3736	Goubangzi	China	bwaterdn@gizmodo.com
493	212-193-0935	Kholmsk	Russia	cduplaindo@hhs.gov
494	612-945-4407	Yunchi	China	vmayordp@freewebs.com
495	167-149-1149	Kvasy	Ukraine	mmaccaigdq@wunderground.com
496	932-929-9608	Carig	Philippines	wruppelindr@cargocollective.com
497	910-151-6064	Bhalwāl	Pakistan	rcawtherayds@redcross.org
498	926-919-2953	Wesoła	Poland	tsinnockdt@hp.com
499	341-902-6285	Vinsady	Russia	pbroodesdu@berkeley.edu
500	286-662-4538	Ichnya	Ukraine	maldwinckledv@si.edu
501	754-571-8186	Bocana de Paiwas	Nicaragua	fbutchartdw@qq.com
502	229-718-9961	Pentre	United Kingdom	vfetherstonhaughdx@telegraph.co.uk
503	486-889-2500	Egindiköl	Kazakhstan	njunkisondy@mapquest.com
504	417-285-1584	Meliau	Indonesia	jdadydz@dion.ne.jp
505	224-386-2049	Zubtsov	Russia	kmacgowne0@elegantthemes.com
506	336-560-1283	Chunjiang	China	bcamblinge1@smh.com.au
507	749-271-1180	Vyksa	Russia	sfriee2@guardian.co.uk
508	821-810-8918	Télimélé	Guinea	imacmarcuise3@infoseek.co.jp
509	460-781-7548	Jibu	China	acrainee4@shop-pro.jp
510	803-411-7051	Lau	Portugal	ctetthere5@foxnews.com
511	303-930-1641	Noşratābād	Iran	arevillee6@spotify.com
512	587-138-7437	Sibiti	Republic of the Congo	hlamdene7@nature.com
513	600-975-3554	Pa Mok	Thailand	cdungeye8@cbc.ca
514	796-104-3154	Banjar Tengah	Indonesia	rthurlbye9@washingtonpost.com
515	424-668-1763	Jiaocheng	China	gspandleyea@youtu.be
516	314-483-7582	Nuoxizhi	China	tcatheryeb@wp.com
517	808-545-3950	Barwałd Średni	Poland	agrzegorczykec@netvibes.com
518	717-202-1449	Thị Trấn Ngọc Lặc	Vietnam	jwhatmoughed@histats.com
519	347-298-5589	Gaojimiao	China	bmccambridgeee@jimdo.com
520	260-569-7545	Cumanayagua	Cuba	bmatthessenef@hhs.gov
521	498-485-5324	Baofeng	China	pbartoszewiczeg@weibo.com
522	232-607-6284	Xiangxi	China	vrosendorfeh@digg.com
523	596-205-6039	Hujiaying	China	mhandleyei@loc.gov
524	843-786-3964	Tambo Grande	Peru	bmcgilvrayej@kickstarter.com
525	964-624-6991	Hernando	Argentina	dsorrieek@webnode.com
526	836-263-8465	Miramar	Argentina	chiscocksel@t-online.de
527	280-524-5432	Garibaldi	Brazil	nhalliwellem@dion.ne.jp
528	955-422-5901	Jiaocun	China	solleren@tiny.cc
529	716-985-4141	Buffalo	United States	mgaiteo@soundcloud.com
530	685-718-3756	Vacov	Czech Republic	ajacobovitzep@wired.com
531	541-660-0155	Kendaruan	Indonesia	mdollingeq@who.int
532	815-378-8614	Bressuire	France	dlowether@ifeng.com
533	767-595-8422	Bojen Kulon	Indonesia	hitzaksones@woothemes.com
534	326-663-8285	Psary	Poland	tlintallet@tinyurl.com
535	186-619-0157	Saverne	France	astinsoneu@sohu.com
536	748-956-5564	Zili	China	malbionev@intel.com
537	992-492-3272	Emiliano Zapata	Mexico	kjacobovitzew@webnode.com
538	892-630-0351	Dinititi	Indonesia	cmaxwaleex@upenn.edu
539	967-899-2463	Krásná Hora nad Vltavou	Czech Republic	mlanegraney@addtoany.com
540	132-776-5842	Ołpiny	Poland	bwillgossez@deliciousdays.com
541	162-159-8824	Santa Brigida	Philippines	phearef0@nhs.uk
542	910-724-7385	Władysławowo	Poland	hslixbyf1@gov.uk
543	491-162-0212	Sunduk	Indonesia	gvickerstafff2@pinterest.com
544	698-919-9433	Marapat	Indonesia	ebadwickf3@ucla.edu
545	516-404-4877	Boende	Democratic Republic of the Congo	jbowdenf4@pcworld.com
546	810-607-4005	Yuecheng	China	coldakerf5@webeden.co.uk
547	413-341-8236	Horad Smalyavichy	Belarus	fchippf6@multiply.com
548	654-809-5354	Kamen’-na-Obi	Russia	aburchattf7@indiatimes.com
549	664-789-7937	Aboisso	Ivory Coast	alambournf8@mlb.com
550	819-737-8497	Fengcheng	China	rgibbingsf9@adobe.com
551	879-572-7244	Watulimo	Indonesia	ltukelyfa@webmd.com
552	957-412-6687	Pobé	Benin	lgrollmannfb@w3.org
553	178-479-8016	Ventersburg	South Africa	mjergerfc@amazonaws.com
554	189-650-0810	Talodi	Sudan	lpaddlefd@paginegialle.it
555	646-683-6327	New York City	United States	rcausticfe@wunderground.com
556	207-888-3860	Qiryat Shemona	Israel	sraisherff@pen.io
557	513-293-3846	Étampes	France	narnlifg@apache.org
558	993-877-5575	Golden	Canada	dstickneyfh@cisco.com
559	198-457-6852	Flying Fish Cove	Christmas Island	ashelbournefi@china.com.cn
560	217-555-7605	Champaign	United States	dgerokfj@naver.com
561	155-108-6814	Hailin	China	ocazinfk@networksolutions.com
562	505-410-1326	Miura	Japan	abolverfl@eepurl.com
563	184-504-8728	Lanjaghbyur	Armenia	akilfedderfm@thetimes.co.uk
564	962-477-0361	Maqiu	China	fhurdedgefn@nationalgeographic.com
565	398-971-8032	Igpit	Philippines	wcripwellfo@ibm.com
566	984-521-1768	Tama	Argentina	bedelmanfp@livejournal.com
567	312-948-3886	Kawaguchi	Japan	fsawlefq@noaa.gov
568	873-170-2916	Candelaria	Colombia	itallquistfr@java.com
569	361-274-1391	Студеничани	Macedonia	bgommefs@hhs.gov
570	184-292-4937	Comrat	Moldova	pyewdellft@china.com.cn
571	194-454-3189	Tonosí	Panama	ashotterfu@facebook.com
572	706-608-5759	Ulricehamn	Sweden	ccoolefv@skyrock.com
573	975-972-4479	Verkhnya Rozhanka	Ukraine	jcrippsfw@loc.gov
574	558-213-8070	Diez de Octubre	Cuba	rlabdonfx@qq.com
575	525-998-8136	Liverpool	United Kingdom	dhaydnfy@wsj.com
576	335-242-3877	Eadestown	Ireland	kchelsomfz@instagram.com
577	936-250-9722	Cluses	France	pbentleyg0@goo.ne.jp
578	188-915-7798	Strunino	Russia	lhalegarthg1@flavors.me
579	198-753-8673	Fuxing	China	rnormanvilleg2@blogs.com
580	860-938-0333	Arcena Pequena	Portugal	ecastagnetog3@wikispaces.com
581	368-145-4842	Cluses	France	osmitherg4@sogou.com
582	237-407-0494	Quibdó	Colombia	gstampsg5@ucoz.ru
583	118-942-5507	Xijia	China	ngrafhamg6@bravesites.com
584	973-688-4044	Magisterial	Mexico	mpoynorg7@loc.gov
585	510-920-6574	Pagersari	Indonesia	adenking8@mapy.cz
586	301-127-9226	Liquica	East Timor	athowesg9@seattletimes.com
587	818-130-1767	Lyon	France	clippiattga@gov.uk
588	600-291-9119	Shaxi	China	kchimentigb@opera.com
589	315-605-7718	Mapalad	Philippines	fdoswellgc@pbs.org
590	369-290-8028	Soroca	Moldova	tkenneagd@unc.edu
591	625-380-1902	Longnan	China	ldosdillge@list-manage.com
592	766-828-6724	Pingyang	China	hspyergf@mail.ru
593	673-755-5551	Pampas	Peru	mbrandgg@1und1.de
594	409-973-5384	Citundun	Indonesia	mmellemgh@barnesandnoble.com
595	823-921-3448	Liutang	China	pwallicegi@tripod.com
596	860-725-3008	Longcang	China	jeliasgj@google.com.au
597	770-373-5015	São Luís do Quitunde	Brazil	woldredgk@theglobeandmail.com
598	475-403-8692	Romny	Russia	rtailbygl@behance.net
599	727-485-1409	Nuits-Saint-Georges	France	wmooresgm@eventbrite.com
600	487-139-1295	Jeremi	Haiti	bcadygn@utexas.edu
601	468-742-1678	Saharna	Moldova	zdayergo@netlog.com
602	754-553-8214	İsmayıllı	Azerbaijan	rdykesgp@adobe.com
603	807-911-5095	Gedaliang	China	ogalbrethgq@usatoday.com
604	243-811-7270	Luoping	China	hainleygr@cdc.gov
605	225-437-4095	Datian	China	bzukergs@tripod.com
606	656-390-9760	Bin’an	China	dchallicumgt@pcworld.com
607	238-590-7545	Seraya	Indonesia	ddanzelmangu@mozilla.org
608	793-495-8774	Mallawī	Egypt	ygidmangv@upenn.edu
609	645-736-4402	Tetebatu	Indonesia	hwilmangw@home.pl
610	332-627-8542	Widuchowa	Poland	lpanichelligx@moonfruit.com
611	441-788-3526	Rāvar	Iran	rdunkertongy@yolasite.com
612	527-230-6262	Gedian	China	apesterfieldgz@tripadvisor.com
613	619-583-7983	Bandar-e Māhshahr	Iran	gschererh0@baidu.com
614	617-321-5776	Xijiao	China	feamesh1@skype.com
615	380-342-6390	Sande São Lourenço	Portugal	obickardikeh2@storify.com
616	316-321-9548	Zhongyuanlu	China	jskaseh3@europa.eu
617	201-310-2407	Drawsko	Poland	mstockillh4@oaic.gov.au
618	168-574-8916	Baghlān	Afghanistan	astreetleyh5@trellian.com
619	814-308-0072	Erie	United States	ccoxhellh6@independent.co.uk
620	361-735-9556	Kalāt	Pakistan	jaxcelh7@hao123.com
621	442-958-3041	Cruz	Portugal	agrayshanh8@unicef.org
622	937-476-8637	Guane	Cuba	nivanikhinh9@lulu.com
623	475-502-9115	Huangdi	China	bsteereha@ebay.com
624	168-246-9302	Sīdī Sālim	Egypt	pdomelhb@yahoo.com
625	762-803-9919	Pavlodar	Kazakhstan	rlongmatehc@cnbc.com
626	948-494-2653	Nūbā	Palestinian Territory	kkleslhd@scribd.com
627	484-516-6123	Bianba	China	srosendalehe@nyu.edu
628	363-399-1182	Évry	France	eclayillhf@bandcamp.com
629	675-157-2149	Sop Pong	Thailand	ronionshg@rakuten.co.jp
630	263-867-6725	Zhongguan	China	hcronshawhh@cdc.gov
631	458-690-8623	Marfino	Russia	rburchellhi@typepad.com
632	136-251-0363	Launceston	Australia	kmorrisshj@ucsd.edu
633	274-363-5297	Gostimë	Albania	gpaylorhk@spiegel.de
634	917-882-7371	Labuhantanggabesar	Indonesia	clarozehl@mac.com
635	931-453-6251	Istres	France	tjensenhm@examiner.com
636	325-360-2131	Mouriscas	Portugal	bbullerwellhn@ftc.gov
637	836-588-1514	Hukou	China	ghubeauxho@vkontakte.ru
638	617-371-2361	Matam	Senegal	rpeasbyhp@feedburner.com
639	637-740-3002	Pokrovskoye	Russia	shulburdhq@sitemeter.com
640	523-988-1776	Västerhaninge	Sweden	jwehdenhr@canalblog.com
641	582-152-8864	Tsukumiura	Japan	ejoslinghs@hao123.com
642	255-979-9697	Hongwei	China	gheymesht@storify.com
643	961-731-7981	Chandmanĭ	Mongolia	dgoodbyhu@newyorker.com
644	444-556-6022	Ibiá	Brazil	vallcrofthv@nytimes.com
645	265-833-8079	Puntarenas	Costa Rica	aquartermanhw@chron.com
646	769-945-2941	Šluknov	Czech Republic	anorthedgehx@istockphoto.com
647	838-873-4866	Calçada	Portugal	blaimablehy@sun.com
648	920-530-4622	Jinfeng	China	eosannehz@ihg.com
649	634-907-9164	Jedlina-Zdrój	Poland	mstormi0@imageshack.us
650	963-547-4488	Sonsón	Colombia	sflippeni1@hugedomains.com
651	169-926-6215	Sabana Grande de Palenque	Dominican Republic	hkeetsi2@comsenz.com
652	736-416-3950	Payaman	Indonesia	csnalhami3@artisteer.com
653	820-282-9858	Paris 01	France	sgoveyi4@dailymotion.com
654	380-638-6235	Selenicë	Albania	hpeyntuei5@feedburner.com
655	211-622-9296	Bukor	Serbia	lhaliburni6@tuttocitta.it
656	546-962-3982	Wuyang	China	dkenchingtoni7@wired.com
657	806-126-6984	Kazanskaya	Russia	drodenburgi8@whitehouse.gov
658	241-891-9492	Daqian	China	sdefondi9@biblegateway.com
659	850-847-1936	Marelesu	China	fjudsonia@state.gov
660	886-600-1420	Handaqi	China	lknottonib@cam.ac.uk
661	180-884-9023	Zbraslav	Czech Republic	pbownasic@yelp.com
662	448-483-7275	Suwaluh	Indonesia	sloveringid@bing.com
663	121-313-9591	Polo	Philippines	bmarchingtonie@bandcamp.com
664	812-789-5352	Jeffersonville	United States	avallisif@lycos.com
665	696-282-6931	New Leyte	Philippines	nelwillig@howstuffworks.com
666	546-190-0419	Krajan Bejagung	Indonesia	hhayllerih@sphinn.com
667	915-701-3653	Baie-D'Urfé	Canada	kemelineii@chicagotribune.com
668	647-629-9316	Aix-en-Provence	France	mdanceij@ihg.com
669	732-148-1693	København	Denmark	shillyattik@ameblo.jp
670	321-614-6671	Buenos Aires	Colombia	aarntzenil@imageshack.us
671	258-702-7945	Siocon	Philippines	hweddellim@linkedin.com
672	945-950-1906	Grygov	Czech Republic	gcollomossein@ucoz.com
673	298-240-1325	Svetlograd	Russia	aerringtonio@behance.net
674	502-936-6497	Frankfort	United States	lcaineyip@bloomberg.com
675	936-870-6717	Bartolomé Masó	Cuba	ttayeiq@cdc.gov
676	825-845-1385	Kalayemule	China	aparadisir@merriam-webster.com
677	134-821-8804	New Leyte	Philippines	astraineis@stanford.edu
678	278-471-2845	Karangsari	Indonesia	hblacklockit@cnbc.com
679	696-708-9132	Guaíba	Brazil	jbaumberiu@ocn.ne.jp
680	627-675-2520	Gyangkar	China	cbuseiv@forbes.com
681	961-798-9927	Kristinehamn	Sweden	msaffilliw@amazon.de
682	815-776-0330	Uppsala	Sweden	atylorix@aol.com
683	343-467-0153	Nilópolis	Brazil	emcowaniy@blog.com
684	519-996-7863	Kamienna Góra	Poland	lwatmoughiz@intel.com
685	219-243-3321	Khuean Ubonrat	Thailand	jbewsyj0@uiuc.edu
686	763-875-5210	Yajin	China	gskittlej1@mayoclinic.com
687	122-219-6872	Makhalino	Russia	dpearlj2@netscape.com
688	916-634-2688	Jiulong	China	phuytonj3@tamu.edu
689	424-466-4563	Solnice	Czech Republic	jmillandj4@sakura.ne.jp
690	409-831-6229	Gedaliang	China	rtearj5@cyberchimps.com
691	556-577-5254	Songwon	South Korea	bsalsbergj6@cargocollective.com
692	461-541-1920	Magok	Indonesia	lcartmillj7@businesswire.com
693	736-850-6201	Pieniężno	Poland	getchellj8@storify.com
694	180-878-6970	Da’anshan	China	crowettj9@yandex.ru
695	665-245-8690	Munse	Indonesia	pkaplinja@gov.uk
696	222-733-5979	Svyatogorsk	Ukraine	lpentonjb@squidoo.com
697	697-919-7042	Huangzhawan	China	vcoonanjc@thetimes.co.uk
698	740-681-7693	Minle	China	swillacotjd@businesswire.com
699	411-798-6319	Liangdong	China	rroglieroje@networkadvertising.org
700	930-638-7324	Dongdai	China	csalvatorejf@oracle.com
701	946-292-6969	Pavlovsk	Russia	ewhittleseajg@va.gov
702	775-384-9453	Dali	China	ahutsbyjh@google.pl
703	280-529-1413	Kangani	Comoros	amackibbonji@utexas.edu
704	567-467-2620	Quitilipi	Argentina	cmacroriejj@yelp.com
705	909-434-0401	Xinxing	China	jreisjk@vinaora.com
706	129-792-3648	Marseille	France	ddustjl@printfriendly.com
707	555-273-0626	Tengah	Indonesia	wfitzjohnjm@furl.net
708	269-459-8983	Aubenas	France	eboutellierjn@tmall.com
709	258-831-9698	Zhongxing	China	bislepjo@comsenz.com
710	859-499-0681	Dugulubgey	Russia	gzimmerjp@theguardian.com
711	860-777-3462	Touho	New Caledonia	standerjq@nsw.gov.au
712	229-769-6185	Qilin	China	fcavyjr@tripod.com
713	191-491-2041	Zicheng	China	nbrawleyjs@surveymonkey.com
714	421-832-8960	Starobachaty	Russia	laldermanjt@netscape.com
715	415-890-1376	Engenho	Portugal	bmcgloneju@ovh.net
716	513-394-7254	Villejuif	France	sskehanjv@foxnews.com
717	826-743-5246	Kungsbacka	Sweden	gterbeekjw@whitehouse.gov
718	710-990-3532	Karangsari	Indonesia	rkantorjx@who.int
719	653-144-5812	Guaíba	Brazil	cspekejy@51.la
720	370-874-3678	Abade de Neiva	Portugal	gnugentjz@skyrock.com
721	456-580-8490	Roma	Italy	saizikowitzk0@narod.ru
722	172-440-7443	Burayevo	Russia	vstonhardk1@jiathis.com
723	628-622-1206	Nanxi	China	jannisk2@webs.com
724	409-919-9991	Bawshar	Oman	bbeatyk3@reverbnation.com
725	351-225-4451	Korsakovo	Russia	dmedlink4@issuu.com
726	195-960-9987	Tchamba	Togo	dgantzk5@cnbc.com
727	160-868-9426	Labinot-Mal	Albania	hlethabridgek6@techcrunch.com
728	814-123-1587	Cabay	Philippines	rianiellok7@amazonaws.com
729	698-904-6881	Sarandi	Brazil	tbawcockk8@de.vu
730	100-433-2436	São Gonçalo do Amarante	Brazil	lmiddletonk9@berkeley.edu
731	373-102-7916	Genova	Italy	gosburnka@reference.com
732	863-821-8705	Boa Viagem	Brazil	ajagiellokb@ovh.net
733	685-694-3012	Zaytā	Palestinian Territory	gtwinamekc@redcross.org
734	428-984-3766	Shinkafe	Nigeria	kstilgoekd@tinypic.com
735	579-680-2410	Concepcion	Philippines	rpygottke@51.la
736	203-664-2689	Wamba	Nigeria	dgarlickekf@narod.ru
737	931-522-1639	Beira	Mozambique	wtingleykg@google.es
738	488-901-4926	Shums’k	Ukraine	aenrichkh@businessinsider.com
739	886-516-9539	San Miguel	Philippines	chakeki@bravesites.com
740	682-577-4084	Lubei	China	ccutresskj@example.com
741	231-161-3944	Tianya	China	orosettinikk@nih.gov
742	621-729-4490	Kedungasem	Indonesia	herreykl@usgs.gov
743	597-736-4131	Vacha	Russia	hkemballkm@cbc.ca
744	857-483-7600	Naḩḩālīn	Palestinian Territory	gcodnerkn@huffingtonpost.com
745	280-211-3147	Huangbu	China	rfeldko@berkeley.edu
746	879-433-2935	Penedono	Portugal	pgiamellikp@wufoo.com
747	537-283-7789	Calape	Philippines	fderobertokq@ucoz.com
748	702-143-2232	Zhoujiadian	China	bschlagkr@fc2.com
749	682-811-0290	Nzega	Rwanda	bvonhagtks@free.fr
750	544-547-5436	Ivanishchi	Russia	sbeverkt@reuters.com
751	341-770-3910	Tomiya	Japan	rcridlinku@soup.io
752	651-882-4075	Lefortovo	Russia	cfawdrykv@hao123.com
753	274-863-5025	Särevere	Estonia	esibbskw@oaic.gov.au
754	963-101-9361	Oslo	Norway	nstroverkx@illinois.edu
755	888-383-0199	Bunda	Tanzania	mivanishchevky@google.de
756	926-791-8379	Shimotoda	Japan	igahankz@ucsd.edu
757	921-695-3792	Nikita	Ukraine	jcahalanl0@bizjournals.com
758	707-569-3735	Sidi Redouane	Morocco	csibbonsl1@joomla.org
759	706-901-5549	Caxarias	Portugal	bmerckl2@comcast.net
760	954-768-1131	Tukhlya	Ukraine	bkalel3@eventbrite.com
761	406-755-2570	Pa Bon	Thailand	khuorticl4@goo.ne.jp
762	587-713-0034	Shuangqiao	China	jgutselll5@gizmodo.com
763	151-722-9163	Musanze	Rwanda	dhucklesbyl6@xing.com
764	863-389-4349	Butterworth	Malaysia	bnernel7@linkedin.com
765	373-567-3238	Xianlong	China	fpawfootl8@lycos.com
766	471-348-2806	Eséka	Cameroon	fofeenyl9@bizjournals.com
767	652-440-6976	Quintinha	Portugal	ohavvockla@google.co.uk
768	863-576-1045	Yalukou	China	ttapleylb@1und1.de
769	526-221-2368	Kesugihan	Indonesia	wwelberrylc@youtube.com
770	528-252-1543	Pejukutan	Indonesia	rtiesmanld@slate.com
771	531-609-8596	Zhichanghe	China	shardernle@last.fm
772	194-111-7198	Al Ḩaffah	Syria	djelklf@prlog.org
773	757-891-3974	Nova Pazova	Serbia	awillicottlg@delicious.com
774	365-867-4547	Néo Psychikó	Greece	awilcotlh@unicef.org
775	482-988-9227	Quintãs	Portugal	pduetscheli@wikispaces.com
776	167-435-8798	Frisange	Luxembourg	kandrysiaklj@deliciousdays.com
777	160-242-0010	Ufa	Russia	cmarrablelk@live.com
778	618-975-3156	Jelah	Bosnia and Herzegovina	clappinll@comcast.net
779	636-349-0439	Curuzú Cuatiá	Argentina	bgoldstonelm@unesco.org
780	648-489-7879	Queluz	Portugal	spinckedln@bigcartel.com
781	579-841-4766	Dąbie	Poland	vtomowiczlo@goodreads.com
782	718-114-3345	Zarasai	Lithuania	csindersonlp@liveinternet.ru
783	326-742-1850	Chironkamba	Comoros	jseymerlq@about.com
784	313-762-4856	Detroit	United States	mvanderbaarenlr@skyrock.com
785	476-660-5095	Nam Kliang	Thailand	ssquirrellls@dmoz.org
786	621-982-0753	Zhongling	China	cpulsterlt@opensource.org
787	876-461-9047	Santa Rosa	Mexico	rcrossdalelu@pinterest.com
788	904-448-3496	Cikadongdong	Indonesia	bcastagnetolv@live.com
789	512-732-9113	Menzel Jemil	Tunisia	afreynelw@phpbb.com
790	216-708-5561	Şaqānis	Tunisia	mfarncomblx@japanpost.jp
791	411-177-0188	Hangou	China	hclemitsly@disqus.com
792	668-179-1849	Takefu	Japan	lmccaskilllz@jiathis.com
793	377-225-1360	Złoczew	Poland	akiffem0@google.fr
794	386-670-3134	Zagreb	Croatia	shawkwoodm1@dion.ne.jp
795	250-928-5946	Cahuacho	Peru	kvillagem2@illinois.edu
796	821-585-8918	Punta Hermosa	Peru	ftitchenerm3@cyberchimps.com
797	144-284-0348	Las Mercedes	Venezuela	lmountjoym4@homestead.com
798	194-917-9070	Teplice	Czech Republic	epringm5@ycombinator.com
799	925-774-2071	Tabuaço	Portugal	tellgoodm6@amazon.co.uk
800	215-591-8771	Junaynat Raslān	Syria	fmcauslenem7@china.com.cn
801	541-559-8778	Bằng Lũng	Vietnam	bphythonm8@ning.com
802	813-147-1455	Fada	Chad	wcawcuttm9@cnet.com
803	174-934-8712	‘Alāqahdārī Gēlān	Afghanistan	asherrottma@instagram.com
804	489-123-5328	Challhuahuacho	Peru	bmulvanymb@liveinternet.ru
805	458-605-4010	Hongshi	China	areedersmc@theatlantic.com
806	284-729-6195	Lugovoy	Kazakhstan	dgivensmd@aol.com
807	770-826-8101	Santiago Atitlán	Guatemala	jhallaganme@facebook.com
808	639-283-8564	Penedono	Portugal	hlavissmf@omniture.com
809	930-911-2150	Chiang Khan	Thailand	srothonmg@businessinsider.com
810	682-850-9262	Järfälla	Sweden	jwhybrowmh@phpbb.com
811	645-267-8261	Vespasiano	Brazil	aelwillmi@slate.com
812	755-594-8539	Al Balyanā	Egypt	bdawmj@hhs.gov
813	612-578-1728	Minneapolis	United States	gsilsonmk@usgs.gov
814	550-362-4178	Ágios Vasíleios	Greece	cstonaryml@stanford.edu
815	358-930-3567	Anyuan	China	tleacockmm@hhs.gov
816	818-932-0818	Cabano	Canada	dbolinmn@xrea.com
817	281-669-8567	Lawonda	Indonesia	ckolyaginmo@washington.edu
818	417-103-1608	Shanxi	China	qberthodmp@storify.com
819	351-125-1809	Żabbar	Malta	fstaningmq@scribd.com
820	726-718-5337	Kojagete	Indonesia	lfreckletonmr@merriam-webster.com
821	275-254-8399	Lívingston	Guatemala	dsheeranms@addtoany.com
822	369-851-3841	Rimpakgede	Indonesia	rthackermt@oakley.com
823	560-695-6733	Bol’shoy Karay	Russia	pmarfemu@sun.com
824	257-365-3566	Pasaje	Ecuador	jriccioppomv@gmpg.org
825	637-564-7057	Kombapari	Indonesia	nsignorimw@usnews.com
826	159-115-3037	Naga	Philippines	rslowcockmx@csmonitor.com
827	818-157-8598	Bao’an	China	mcastanaresmy@tinypic.com
828	247-974-7388	Correia Pinto	Brazil	mcarlowmz@usda.gov
829	459-301-0974	Nangela	Indonesia	afrangon0@ted.com
830	595-871-7743	Bang Krathum	Thailand	bgroombridgen1@clickbank.net
831	450-207-7260	Suwaru	Indonesia	abilberyn2@deviantart.com
832	365-343-1727	Moss	Norway	deddyn3@drupal.org
833	916-183-4808	Baćkowice	Poland	nairdsn4@hibu.com
834	348-343-9601	Pasvalys	Lithuania	adenleyn5@squarespace.com
835	440-332-1123	Florencio Sánchez	Uruguay	cfowldsn6@skyrock.com
836	295-224-5315	Vila Franca das Naves	Portugal	jcutajarn7@dion.ne.jp
837	428-907-0586	Dobczyce	Poland	kwateridgen8@buzzfeed.com
838	294-617-4858	Tarīm	Yemen	fcamousn9@behance.net
839	353-440-5344	Didou	China	bjeandeauna@sphinn.com
840	737-274-9867	Longxing	China	omacgheenb@a8.net
841	995-347-6585	Penisihan	Indonesia	wmithonnc@comsenz.com
842	109-116-6937	Mekarjaya	Indonesia	kblatchfordnd@buzzfeed.com
843	414-132-5101	Acopampa	Peru	kseamenne@ucsd.edu
844	848-634-6629	Boguchar	Russia	manfossonf@deliciousdays.com
845	636-889-9589	Babakanloa	Indonesia	lansteadng@china.com.cn
846	812-621-3916	Mgachi	Russia	dmccaigheynh@accuweather.com
847	518-205-1652	Dobrljin	Bosnia and Herzegovina	cgledhillni@csmonitor.com
848	580-510-6020	Lebak	Indonesia	ldolphinnj@com.com
849	859-755-0506	Maredakamau	Indonesia	arieflinnk@de.vu
850	711-184-9617	Sawahbaru	Indonesia	mpurveynl@wufoo.com
851	380-116-5258	Biru	China	elathannm@newsvine.com
852	734-545-7360	Cogon	Philippines	myurikovnn@theguardian.com
853	796-900-2483	Jinhe	China	pricciardiellono@tamu.edu
854	638-377-1150	Mesker-Yurt	Russia	mghidolinp@ucoz.ru
855	932-452-6500	Rönninge	Sweden	dbruhnkenq@jugem.jp
856	535-410-4439	St. Catharines	Canada	ltointonnr@edublogs.org
857	429-536-5743	Břeclav	Czech Republic	wdemanuelens@salon.com
858	795-126-7164	Mường Nhé	Vietnam	eghiraldint@diigo.com
859	191-624-1068	Chitagá	Colombia	erubinowicznu@harvard.edu
860	200-239-9965	Sophia Antipolis	France	fgrigorininv@sakura.ne.jp
861	662-344-2525	Charata	Argentina	tmatouseknw@opensource.org
862	684-902-9601	Sepekov	Czech Republic	mthornewillnx@examiner.com
863	430-983-1037	Pieniężno	Poland	gvasinny@sun.com
864	957-587-8891	Göteborg	Sweden	scarabetnz@bigcartel.com
865	215-312-4442	Yuandun	China	lfillaryo0@simplemachines.org
866	686-311-8520	‘Alāqahdārī Gēlān	Afghanistan	ssutterfieldo1@godaddy.com
867	504-451-2122	Rokietnica	Poland	hdibiagioo2@dell.com
868	372-675-9768	Yongxing Chengguanzhen	China	gbaymano3@geocities.jp
869	146-781-7811	Bunol	Philippines	ptolussio4@google.com.hk
870	413-811-5303	Jurh	China	rafflecko5@narod.ru
871	880-100-5262	Shihuiyao	China	nmcnicolo6@archive.org
872	569-331-3552	Zavidovo	Russia	jminerdoo7@list-manage.com
873	726-817-7838	Mūḩ Ḩasan	Syria	nrubinlichto8@yahoo.co.jp
874	163-387-6151	Karney Shomron	Palestinian Territory	rspinellio9@tinyurl.com
875	452-975-8471	Huaikan	China	wbachshelloa@fotki.com
876	464-651-4759	Yarmolyntsi	Ukraine	jwillshearob@telegraph.co.uk
877	585-530-1050	Mergayu	Indonesia	jgoburnoc@de.vu
878	909-219-3311	Hengjie	China	dthomelod@nationalgeographic.com
879	169-740-0886	Manikchari	Bangladesh	ageggoe@wunderground.com
880	336-561-2785	Parachinar	Pakistan	lderwinof@google.fr
881	348-209-6101	Buena Vista	Bolivia	fkensetog@twitter.com
882	709-211-1353	Banjar Kertasari	Indonesia	ldimondoh@nymag.com
883	642-739-6898	Baiquan	China	lchawkleyoi@vimeo.com
884	464-692-9905	Balut	Philippines	lworrelloj@google.pl
885	595-705-6987	Cabo de Vila	Portugal	mmackieok@microsoft.com
886	544-272-0358	La Fortuna	Philippines	vhillsol@plala.or.jp
887	221-750-0675	Nytva	Russia	mransomom@naver.com
888	764-529-3185	Åmål	Sweden	chammondon@sina.com.cn
889	358-701-9065	Stąporków	Poland	cwarrieroo@google.fr
890	984-982-0538	Chigang	China	gtowersop@businessweek.com
891	250-472-6817	Verblyany	Ukraine	etolmanoq@xrea.com
892	708-384-3692	Rios Frios	Portugal	cloderor@ask.com
893	295-834-5804	Saint-Cloud	France	sprimettos@com.com
894	221-196-9136	Şabbūrah	Syria	hwindleyot@sbwire.com
895	884-437-9071	Quatro Barras	Brazil	fmitchinerou@free.fr
896	655-329-9019	Katrineholm	Sweden	tscoughov@nih.gov
897	552-168-9762	Kotel’va	Ukraine	mcoteow@youtube.com
898	202-879-8244	Washington	United States	ttylerox@amazon.co.uk
899	494-167-9872	Sidomekar	Indonesia	mfilpioy@abc.net.au
900	866-568-9233	Succha	Peru	ejanuszkiewiczoz@4shared.com
901	951-607-8486	Sulak	Russia	ddanglp0@mashable.com
902	504-883-8181	Göteborg	Sweden	wstillmannp1@pinterest.com
903	493-690-7695	Shaliangzi	China	llehenmannp2@posterous.com
904	841-543-4554	Cavadas	Portugal	bgavaranp3@weibo.com
905	999-429-7639	Konstantinovo	Belarus	nseyfartp4@squarespace.com
906	496-893-5033	Bagamoyo	Tanzania	lbourthouloumep5@sakura.ne.jp
907	557-946-3132	Perstorp	Sweden	apozzip6@naver.com
908	709-665-6942	Kolondiéba	Mali	twoollardp7@cnbc.com
909	530-121-0131	Dolní Sloupnice	Czech Republic	kduchantp8@hostgator.com
910	436-404-4019	Hohoe	Ghana	bflowittp9@omniture.com
911	773-401-5677	Karapyshi	Ukraine	cniecepa@wufoo.com
912	500-138-1215	Benito Juarez	Mexico	gpigerampb@ed.gov
913	100-552-9975	Ciulu	Indonesia	ajentzschpc@harvard.edu
914	549-620-3264	Catumbela	Angola	pguerrinpd@noaa.gov
915	480-125-6945	Hanyin Chengguanzhen	China	fmillettpe@odnoklassniki.ru
916	293-709-9581	Xêgar	China	cmaudlinpf@blinklist.com
917	494-256-4671	Jianshan	China	acrinionpg@amazon.co.jp
918	351-320-4032	Gandrungmangu	Indonesia	flinkleterph@rambler.ru
919	863-352-0265	Lakeland	United States	draubheimpi@umn.edu
920	265-654-1020	Lagunas	Peru	mdacostapj@patch.com
921	951-593-1314	Nartkala	Russia	dmountneypk@dailymail.co.uk
922	229-104-5228	Izyaslav	Ukraine	bdockreepl@paypal.com
923	330-691-4379	Quinua	Peru	tcarneypm@craigslist.org
924	874-349-6896	Foumbouni	Comoros	jdibblepn@bbb.org
925	162-286-6453	Ágios Vasíleios	Greece	jwrankmorepo@twitpic.com
926	901-276-2310	Texistepeque	El Salvador	mbrooksonpp@yellowpages.com
927	257-714-2124	Belfast	South Africa	dchelnampq@barnesandnoble.com
928	122-796-1575	Krajan Sale	Indonesia	tkeaysellpr@unc.edu
929	990-308-1997	Lagoa	Portugal	meberzps@wiley.com
930	294-418-8757	Jāmpur	Pakistan	dgreesonpt@storify.com
931	326-940-1423	Jingkou	China	mtrowelpu@accuweather.com
932	761-502-6994	Areia Branca	Brazil	ffenlonpv@xrea.com
933	387-344-8266	El Porvenir	Mexico	ndanburypw@usda.gov
934	449-439-2641	Zhemtala	Russia	rhehirpx@trellian.com
935	891-591-9841	Yanjiang	China	gtomleypy@walmart.com
936	210-776-0855	Praia das Maçãs	Portugal	ksneddenpz@cloudflare.com
937	626-104-6932	Dordrecht	Netherlands	khedlingq0@privacy.gov.au
938	789-256-8415	A dos Cunhados	Portugal	jlyndeq1@nbcnews.com
939	889-423-3882	Zuya	Ukraine	lgaspardq2@ibm.com
940	200-963-2776	Akunk’	Armenia	sbutterq3@clickbank.net
941	979-514-7199	Lyubashivka	Ukraine	nadaoq4@spiegel.de
942	679-485-0825	Oli	Indonesia	jpeeleq5@icq.com
943	285-647-1986	Liancheng	China	agettinsq6@deviantart.com
944	712-914-9714	Shahrīār	Iran	jdevoielsq7@de.vu
945	220-315-0283	Pingtang	China	kbuxyq8@sitemeter.com
946	999-814-1910	Quellouno	Peru	eguitonneauq9@freewebs.com
947	906-350-1462	København	Denmark	fweldsqa@sogou.com
948	368-688-0823	Glasgow	United Kingdom	gokieltqb@washingtonpost.com
949	100-437-2076	Stockholm	Sweden	mfonzoneqc@jugem.jp
950	480-901-4805	Rio Real	Brazil	blikelyqd@merriam-webster.com
951	998-526-8425	Hoboksar	China	bfetteplaceqe@epa.gov
952	119-407-1343	Uścimów Stary	Poland	abenedettiniqf@woothemes.com
953	676-986-4983	Altos	Brazil	nmargettqg@smh.com.au
954	753-640-0169	Chichigalpa	Nicaragua	ccreamenqh@wsj.com
955	689-223-5919	Duwakkandung	Indonesia	sstennardqi@kickstarter.com
956	749-961-4272	Kaduseeng	Indonesia	pmaccrieqj@linkedin.com
957	295-179-5510	Kasamatsuchō	Japan	ktaggettqk@storify.com
958	781-364-9668	Xinzha	China	mgerlerql@wordpress.org
959	446-459-3649	Shuangjiang	China	ejeckellsqm@hc360.com
960	658-581-5244	Digkilaan	Philippines	ltapsonqn@opensource.org
961	965-718-6952	Dongxiaokou	China	sknobleqo@networkadvertising.org
962	111-559-3849	Huangze	China	kjainqp@sina.com.cn
963	860-200-3876	Kibiya	Nigeria	bpetrukqq@auda.org.au
964	485-135-3459	Pryluky	Ukraine	cedinburoughqr@dagondesign.com
965	378-669-8498	Jingzhuang	China	jfarnillqs@paginegialle.it
966	233-313-3937	Głogów Małopolski	Poland	pdreherqt@admin.ch
967	254-218-7621	Stavropol’	Russia	ibeecraftqu@cdbaby.com
968	255-615-1876	Lemery	Philippines	mtennetqv@e-recht24.de
969	424-596-5108	Xuân Trường	Vietnam	hcourtierqw@intel.com
970	430-813-9922	Ji’an	China	ghortopqx@answers.com
971	540-411-1617	Roanoke	United States	rnooneqy@cmu.edu
972	415-867-9868	Ferdinandovac	Croatia	gdonisoqz@cdc.gov
973	572-356-2001	Kikinda	Serbia	hdelgardillor0@naver.com
974	741-530-2805	La Palma	Mexico	tmarciskewskir1@howstuffworks.com
975	755-571-4914	Muan	South Korea	pdelacroixr2@quantcast.com
976	847-611-1093	Gyeongsan-si	South Korea	ninsullr3@artisteer.com
977	814-132-4852	Daping	China	mheathcoatr4@ed.gov
978	397-812-3514	Uppsala	Sweden	ewordingtonr5@zdnet.com
979	413-132-1060	Balaka	Malawi	dlightr6@admin.ch
980	756-825-0129	Dishnā	Egypt	abrucksteinr7@accuweather.com
981	163-950-1565	South Tangerang	Indonesia	lburnhillr8@census.gov
982	183-623-5165	Chisec	Guatemala	crodgierr9@unblog.fr
983	866-691-8289	Aranas Sur	Philippines	lcuschierira@csmonitor.com
984	844-491-4510	Tabasalu	Estonia	ukunischrb@phpbb.com
985	576-297-2507	Jishui	China	cfontainerc@naver.com
986	962-354-4514	Ciechocin	Poland	ceilersrd@epa.gov
987	225-809-9823	Baton Rouge	United States	smouanre@networkadvertising.org
988	191-983-9735	São Paulo	Brazil	cwortonrf@adobe.com
989	196-913-8273	Karangbadar Kidul	Indonesia	ybroodrg@histats.com
990	103-228-0935	Wanliang	China	cscaddonrh@jalbum.net
991	809-723-6434	Espinal	Colombia	ncoanri@auda.org.au
992	709-212-8566	Shitan	China	lweatherburnrj@aboutads.info
993	957-939-6332	Três Lagoas	Brazil	mellermanrk@blog.com
994	997-488-9852	Liancheng	China	cwarrierrl@utexas.edu
995	938-934-3880	Älvsjö	Sweden	tyorstonrm@reddit.com
996	945-586-8913	Luso	Portugal	odrancern@bravesites.com
997	948-873-4827	Lennec	Philippines	jculverro@sciencedaily.com
998	873-281-1217	Valença do Piauí	Brazil	tupstonerp@senate.gov
999	663-304-5736	Sansheng	China	sruerq@irs.gov
1000	385-262-1675	Suban	China	dsootsrr@rambler.ru
\.


--
-- Data for Name: car; Type: TABLE DATA; Schema: public; Owner: postgres
--

COPY public.car (id_car, nom, model, price) FROM stdin;
1	Toyota	Corolla	75468
2	Ford	Explorer	92317
3	Jeep	Cherokee	42277
4	Ford	F350	88851
5	Geo	Tracker	66695
6	Chevrolet	S10	50633
7	Ford	Econoline E150	3969
8	Toyota	Previa	93254
9	Mazda	B-Series Plus	54299
10	Lamborghini	Murciélago	50895
11	Hummer	H1	7486
12	Porsche	911	38763
13	Chevrolet	Avalanche	7550
14	Audi	Q7	3094
15	Lincoln	Navigator	29874
16	Ford	E150	44939
17	Chevrolet	Corvette	76427
18	Ford	Taurus	18667
19	Hyundai	Azera	72441
20	Saab	900	55017
21	Nissan	Quest	36300
22	Chevrolet	Traverse	22131
23	Honda	del Sol	85516
24	Mitsubishi	Galant	87448
25	Bentley	Mulsanne	54804
26	Mitsubishi	Eclipse	20671
27	Mazda	Protege	57387
28	Isuzu	Trooper	89772
29	Volkswagen	Passat	67486
30	Mitsubishi	Montero	33100
31	Buick	Skylark	97188
32	Ford	Bronco II	42543
33	Ford	Taurus	33240
34	Honda	Civic	57921
35	Mercury	Capri	16597
36	Volkswagen	Fox	64340
37	Lincoln	Continental Mark VII	58471
38	Chevrolet	3500	48574
39	Subaru	Impreza	41295
40	Lexus	LS Hybrid	57201
41	Lexus	ES	45082
42	Ford	E-Series	35506
43	Mitsubishi	Diamante	53945
44	Chrysler	Grand Voyager	60400
45	Mercury	Capri	64190
46	Chevrolet	Express 3500	41545
47	Mitsubishi	GTO	87554
48	Subaru	Forester	29149
49	Bentley	Continental GT	31285
50	Panoz	Esperante	35007
51	Ford	Mustang	7946
52	Dodge	Nitro	48099
53	Land Rover	Freelander	91010
54	Ford	E350	72913
55	Mercedes-Benz	500SL	92971
56	Honda	Civic	23895
57	Mercedes-Benz	R-Class	48672
58	Pontiac	Torrent	98560
59	Lincoln	Town Car	58126
60	Infiniti	J	56325
61	Saturn	S-Series	80118
62	Infiniti	G	33653
63	Nissan	Quest	97641
64	Toyota	Matrix	43582
65	Dodge	Magnum	26485
66	Bentley	Continental	90636
67	Subaru	Loyale	93510
68	Kia	Rio	4039
69	Honda	Civic	6954
70	Chevrolet	Cavalier	81130
71	Honda	Civic	72808
72	Studebaker	Avanti	26937
73	Mercury	Topaz	18529
74	Toyota	Camry	27846
75	Ford	Thunderbird	99953
76	Chrysler	New Yorker	42533
77	Pontiac	Grand Am	70198
78	Pontiac	Bonneville	20069
79	Subaru	Forester	70770
80	Ford	Laser	40904
81	BMW	Z4	58448
82	Ford	Thunderbird	79795
83	Dodge	Durango	58362
84	Honda	Element	50355
85	Nissan	Altima	80737
86	Infiniti	J	32896
87	Pontiac	Bonneville	36484
88	Plymouth	Grand Voyager	37088
89	Suzuki	Swift	54143
90	Maybach	57	70474
91	GMC	Sonoma	47457
92	Mitsubishi	Starion	53445
93	Jeep	Grand Cherokee	66783
94	Ford	Freestar	24555
95	Ford	Thunderbird	4519
96	Dodge	Viper RT/10	85641
97	Dodge	Durango	4464
98	Cadillac	STS	92380
99	BMW	M6	57530
100	Volkswagen	Eurovan	62944
101	GMC	Savana 1500	50844
102	Pontiac	Grand Prix	20258
103	Mercedes-Benz	E-Class	82913
104	Ford	Taurus X	37545
105	GMC	1500 Club Coupe	39186
106	Volkswagen	Golf	71444
107	Mercury	Mariner	49352
108	Lincoln	Town Car	61295
109	Hummer	H1	68641
110	Volkswagen	Routan	10154
111	Mitsubishi	Montero	46884
112	Infiniti	G	61525
113	Lotus	Elise	1590
114	Saab	9-3	1498
115	Mercury	Lynx	8606
116	GMC	Vandura 2500	24349
117	GMC	2500	81953
118	Pontiac	Firebird	75948
119	Subaru	Justy	2513
120	Buick	Park Avenue	97091
121	Mitsubishi	Lancer	97230
122	Chevrolet	Corvette	14178
123	Nissan	Quest	27134
124	Pontiac	Torrent	80282
125	Volvo	850	29857
126	GMC	Envoy XL	44547
127	Honda	Insight	59306
128	Mazda	CX-9	56367
129	Toyota	Prius v	54504
130	Volvo	C70	19129
131	Ford	Escort ZX2	93648
132	BMW	8 Series	55580
133	Ford	F250	33097
134	Lexus	ES	84895
135	Acura	NSX	12611
136	Lincoln	Town Car	25285
137	Mazda	Miata MX-5	69676
138	Bentley	Continental Flying Spur	37136
139	Mercury	Sable	79178
140	Audi	S4	93284
141	Lamborghini	Murciélago	81656
142	Land Rover	Discovery	47206
143	Ford	F-Series	2784
144	Daewoo	Nubira	27629
145	Cadillac	STS	28757
146	Subaru	Brat	16353
147	Mercedes-Benz	S-Class	90642
148	Ford	Contour	39602
149	Oldsmobile	Silhouette	22595
150	Toyota	Corolla	21928
151	Jeep	Liberty	49311
152	Jaguar	XJ	76935
153	Lexus	GS	54370
154	Ford	Explorer	66149
155	MINI	Cooper Clubman	14019
156	Hyundai	Azera	1068
157	Toyota	Tercel	96047
158	Audi	A8	88731
159	Porsche	944	30191
160	Porsche	928	52553
161	Lincoln	Mark LT	31522
162	Volvo	XC90	39474
163	Chevrolet	Tahoe	88368
164	Honda	Fit	63439
165	Saab	9-5	50359
166	Honda	Civic	39550
167	Volvo	S60	31409
168	Dodge	Ram Van 1500	33892
169	Honda	Accord	13089
170	Ford	F150	4576
171	Chrysler	LHS	30708
172	Ford	F350	86328
173	Volvo	S60	39196
174	Chevrolet	Corvette	50568
175	GMC	Safari	93612
176	GMC	Sonoma	38425
177	Buick	Lucerne	31057
178	Volkswagen	Jetta	37007
179	BMW	3 Series	97531
180	Dodge	Intrepid	10484
181	Toyota	MR2	36444
182	Mazda	RX-7	27287
183	Buick	Coachbuilder	1120
184	Dodge	Grand Caravan	80296
185	Ford	Expedition	45576
186	Lexus	LS	91594
187	Plymouth	Fury	45203
188	Plymouth	Grand Voyager	74196
189	Mazda	626	92173
190	Nissan	Versa	15338
191	Hyundai	Azera	28951
192	Toyota	Echo	62496
193	Aston Martin	DB9	95539
194	Chevrolet	Express 1500	13191
195	Kia	Optima	77675
196	Chevrolet	S10	63683
197	Lexus	LX	10977
198	Toyota	Matrix	35297
199	GMC	Yukon XL 2500	31884
200	Mercedes-Benz	E-Class	66496
201	Eagle	Talon	53191
202	Oldsmobile	Ciera	79688
203	GMC	Safari	58078
204	Bentley	Azure T	24989
205	Toyota	T100 Xtra	29563
206	Subaru	Impreza WRX	48438
207	Toyota	Avalon	28178
208	Chevrolet	Suburban 2500	97765
209	Ford	Econoline E150	88968
210	Pontiac	Safari	88809
211	Chevrolet	Tahoe	48827
212	Mazda	RX-7	16162
213	Chevrolet	G-Series G20	40171
214	Ford	Econoline E150	66078
215	Oldsmobile	Aurora	42031
216	Ford	Escort ZX2	93130
217	Ford	Aerostar	58792
218	Mercedes-Benz	E-Class	93192
219	Mazda	Protege5	24781
220	Porsche	Panamera	77631
221	GMC	Sierra 1500	5831
222	Subaru	Loyale	83077
223	Ford	Torino	15605
224	Lamborghini	Aventador	45301
225	Mazda	Miata MX-5	19868
226	Dodge	Daytona	44639
227	GMC	Jimmy	77249
228	Honda	Accord	99069
229	Toyota	MR2	99743
230	Nissan	Frontier	74240
231	Cadillac	Eldorado	61906
232	Saab	900	30850
233	Dodge	Stratus	22264
234	Ferrari	California	43396
235	Land Rover	Defender 90	53790
236	Toyota	Sienna	80506
237	Cadillac	Seville	80666
238	Chrysler	Prowler	86960
239	Lincoln	Navigator	53688
240	Ford	Aerostar	11780
241	Ford	Country	27581
242	Ford	Contour	18980
243	Toyota	Sequoia	83842
244	Mazda	Mazdaspeed6	23395
245	Mitsubishi	Endeavor	74548
246	Ford	Excursion	17441
247	Oldsmobile	Ciera	89612
248	Chevrolet	Silverado 2500	41512
249	Toyota	Highlander	18421
250	Kia	Spectra	83415
251	Mercedes-Benz	300SL	9466
252	Plymouth	Colt Vista	53181
253	Volkswagen	New Beetle	34348
254	Volkswagen	Jetta	71433
255	Ford	E-Series	24796
256	BMW	3 Series	77106
257	Suzuki	Sidekick	3094
258	BMW	X6 M	61791
259	BMW	X3	26506
260	Chevrolet	Silverado 1500	93171
261	Maybach	57	7425
262	Chevrolet	Blazer	69105
263	Toyota	Avalon	86225
264	Chevrolet	2500	86684
265	Ford	F350	89401
266	Subaru	Outback	68197
267	Kia	Sephia	19579
268	Chevrolet	Cobalt SS	50411
269	Cadillac	STS	47823
270	Nissan	Leaf	4286
271	Jeep	Grand Cherokee	78237
272	Cadillac	Catera	54666
273	Acura	RL	88459
274	Ford	Galaxie	68920
275	Pontiac	Bonneville	32798
276	Mitsubishi	Lancer	23387
277	BMW	600	48188
278	Ford	Escort	18309
279	Lamborghini	Diablo	70335
280	Buick	Century	53884
281	Lexus	SC	19372
282	Chrysler	LeBaron	66038
283	Mitsubishi	Mighty Max	96162
284	Audi	A4	73754
285	Chevrolet	Silverado 2500	74987
286	Ford	Mustang	97052
287	Buick	LeSabre	7498
288	Dodge	Dakota Club	7913
289	Toyota	Avalon	64383
290	Mercedes-Benz	S-Class	11182
291	BMW	M3	92292
292	Acura	RL	60861
293	Cadillac	STS	81075
294	Toyota	Sequoia	88874
295	Kia	Sorento	32802
296	Chevrolet	Silverado 1500	78849
297	Chevrolet	Avalanche	41549
298	Chevrolet	Prizm	1148
299	Cadillac	Seville	17107
300	GMC	Yukon	73326
301	Pontiac	Solstice	2043
302	Audi	S6	83290
303	Land Rover	Range Rover	93446
304	Plymouth	Voyager	4194
305	Maybach	57	71299
306	Subaru	Impreza	55005
307	Volvo	S60	19019
308	Jeep	Liberty	24329
309	Mercedes-Benz	600SEL	31175
310	GMC	Sierra 2500	46571
311	Mercedes-Benz	400SE	71003
312	Dodge	Sprinter	62675
313	Lexus	ES	80988
314	GMC	Savana	32825
315	Chevrolet	Suburban 1500	76788
316	Buick	Skylark	3005
317	Ford	E350	91198
318	Dodge	Dakota Club	4789
319	Dodge	Ram 3500	16423
320	Honda	Odyssey	47881
321	Jeep	Wrangler	27676
322	Toyota	Camry	51744
323	Dodge	Ram 1500	2376
324	Hummer	H1	10040
325	Pontiac	Solstice	5845
326	Mercedes-Benz	SLK-Class	28280
327	Lincoln	MKX	83995
328	Cadillac	Eldorado	8675
329	Suzuki	Grand Vitara	92543
330	Cadillac	STS	13833
331	Audi	S6	63713
332	Chevrolet	Volt	28685
333	Ford	Fairlane	92501
334	Toyota	Tercel	83421
335	Buick	LeSabre	57088
336	Honda	Civic Si	23877
337	Hyundai	Tiburon	89213
338	Porsche	911	77886
339	Mitsubishi	Chariot	20839
340	Oldsmobile	Silhouette	40416
341	BMW	X5 M	48637
342	Chrysler	Cirrus	98120
343	Volkswagen	Golf	20836
344	Mazda	RX-8	76831
345	Chevrolet	Camaro	77687
346	Mazda	MX-5	34063
347	Ford	Fusion	9958
348	Mercedes-Benz	CLS-Class	24822
349	Pontiac	6000	71672
350	Lotus	Elise	90760
351	Mercury	Cougar	85200
352	Subaru	Impreza	93840
353	Acura	RDX	62336
354	Land Rover	Discovery Series II	9464
355	GMC	Yukon XL 2500	65745
356	Honda	Prelude	80263
357	Suzuki	Grand Vitara	67658
358	Ford	Explorer	23455
359	Isuzu	VehiCROSS	12433
360	Isuzu	Trooper	70226
361	Audi	A4	87874
362	Audi	Q7	8978
363	Mitsubishi	GTO	8510
364	Mercedes-Benz	300SE	89988
365	Volkswagen	Jetta	87569
366	Audi	90	49108
367	Mitsubishi	Truck	17305
368	Mazda	Protege	4949
369	Jaguar	XF	35852
370	Lexus	SC	65620
371	Hyundai	XG350	2952
372	Acura	RL	26746
373	Volkswagen	Routan	27918
374	Mitsubishi	Pajero	18022
375	GMC	3500	56697
376	Mercury	Monterey	65563
377	Ford	Fiesta	35444
378	Ford	Explorer	36620
379	Chevrolet	TrailBlazer	60188
380	Cadillac	Escalade EXT	51582
381	Mitsubishi	Montero Sport	49543
382	Toyota	Tundra	54447
383	Mercedes-Benz	CLS-Class	85542
384	Lincoln	Continental	22343
385	Chevrolet	Equinox	60371
386	Mitsubishi	Lancer	34091
387	Mazda	MX-5	83127
388	Cadillac	SRX	67672
389	BMW	5 Series	65083
390	Pontiac	Bonneville	61675
391	Toyota	Matrix	20340
392	Nissan	Frontier	8318
393	Cadillac	DeVille	31212
394	Toyota	Tacoma Xtra	47206
395	GMC	Rally Wagon 2500	78820
396	Jeep	Wrangler	69922
397	Nissan	Sentra	62754
398	Honda	Civic Si	93827
399	Isuzu	Hombre	55298
400	BMW	5 Series	64517
401	Toyota	Tacoma	43610
402	Volvo	S40	80664
403	Mazda	MX-3	59976
404	Volkswagen	Corrado	85065
405	Toyota	Sequoia	48180
406	Mazda	B-Series Plus	80155
407	Audi	V8	90617
408	Honda	Accord	99043
409	Ferrari	612 Scaglietti	28828
410	Honda	Pilot	71625
411	Chrysler	300M	97434
412	Volkswagen	New Beetle	16367
413	Land Rover	Range Rover	26422
414	GMC	Sierra 1500	46525
415	Chevrolet	SSR	41724
416	Lexus	ES	43151
417	Subaru	Impreza	70630
418	Mercury	Tracer	35795
419	Mercedes-Benz	C-Class	73236
420	Mitsubishi	GTO	86615
421	Mercedes-Benz	SL-Class	21270
422	Aston Martin	DBS	91210
423	GMC	3500 Club Coupe	84700
424	Chevrolet	Blazer	75370
425	Bentley	Arnage	63888
426	Chevrolet	Lumina	40269
427	Mercedes-Benz	300SL	91461
428	Mazda	RX-8	29790
429	Toyota	Camry	81283
430	Honda	Civic	81239
431	Jeep	Grand Cherokee	11895
432	Dodge	Ram 2500	20256
433	Dodge	Stratus	41365
434	Jaguar	S-Type	28372
435	Mercedes-Benz	SLK-Class	20989
436	Chrysler	New Yorker	7715
437	Shelby	GT350	45455
438	GMC	Yukon XL 1500	69537
439	Mitsubishi	Mighty Max	32903
440	Scion	iQ	16212
441	Cadillac	DeVille	32892
442	Isuzu	i-Series	30123
443	Mitsubishi	Lancer	88054
444	Rambler	Classic	60296
445	GMC	Sierra 3500	8319
446	Ford	Escort	86300
447	Mercedes-Benz	GL-Class	44825
448	Oldsmobile	Aurora	74622
449	GMC	Jimmy	68087
450	Ford	Mustang	5873
451	Subaru	XT	4317
452	Hyundai	Elantra	74232
453	Suzuki	X-90	43042
454	Toyota	Matrix	73510
455	Lamborghini	Gallardo	43858
456	Volkswagen	CC	45057
457	Dodge	Dynasty	99944
458	Porsche	911	26814
459	MINI	Cooper Clubman	64295
460	Ford	F250	32314
461	Kia	Sportage	84784
462	Dodge	Neon	79542
463	Saab	900	97980
464	Chevrolet	Suburban 2500	26713
465	Ford	E-Series	13656
466	BMW	545	31376
467	Cadillac	CTS-V	97722
468	Infiniti	M	82600
469	Jaguar	XK Series	8865
470	Toyota	FJ Cruiser	95182
471	Chevrolet	Cobalt	45135
472	Dodge	Viper	18460
473	Toyota	Celica	17209
474	BMW	M5	18949
475	Lincoln	Navigator L	30121
476	Audi	A3	90735
477	Toyota	Matrix	72622
478	Chrysler	Town & Country	75908
479	Mazda	929	87152
480	BMW	330	27781
481	Lexus	LS Hybrid	97356
482	Chevrolet	Beretta	5346
483	GMC	Vandura G3500	43610
484	Scion	tC	36512
485	Porsche	928	15877
486	Oldsmobile	LSS	60984
487	Oldsmobile	Alero	87953
488	Dodge	D150	5282
489	MINI	Cooper	83966
490	Geo	Storm	30810
491	Scion	tC	2067
492	Mazda	Mazda6	43993
493	Mercedes-Benz	SL-Class	98388
494	Audi	A4	1927
495	Lexus	ES	9056
496	Audi	5000S	10985
497	Chrysler	Crossfire	25584
498	GMC	3500	99362
499	Lexus	LX	22619
500	Dodge	Dakota Club	44131
501	Toyota	Tacoma Xtra	67186
502	Ford	Ranger	77729
503	Buick	Roadmaster	71004
504	Pontiac	Sunfire	48738
505	Isuzu	Axiom	44014
506	Chevrolet	G-Series G20	15224
507	Buick	Riviera	23670
508	Plymouth	Voyager	55036
509	Volkswagen	GTI	79436
510	Mitsubishi	Diamante	55475
511	Audi	Q7	81843
512	Buick	Roadmaster	55317
513	Jeep	Patriot	50447
514	Land Rover	Defender 90	31305
515	Pontiac	Trans Sport	62903
516	GMC	Envoy	11478
517	Ford	Expedition EL	44152
518	GMC	2500 Club Coupe	86796
519	Dodge	Stratus	48702
520	Subaru	Brat	92971
521	Dodge	D250 Club	66238
522	Chevrolet	Malibu	73437
523	Dodge	Stealth	60817
524	Ford	Explorer Sport Trac	7449
525	Dodge	Caravan	38533
526	Cadillac	DTS	83187
527	Mazda	MX-5	78399
528	Infiniti	QX	73389
529	Hyundai	Accent	91360
530	Alfa Romeo	164	8558
531	Dodge	Spirit	56567
532	Mitsubishi	Diamante	75469
533	Toyota	Tundra	93281
534	BMW	X5	64435
535	Suzuki	Esteem	14429
536	Saab	9000	23083
537	Toyota	MR2	34756
538	Hyundai	Veracruz	77010
539	Mitsubishi	Outlander	42175
540	Ford	EXP	41813
541	Plymouth	Breeze	68147
542	Chevrolet	Camaro	39578
543	Saturn	S-Series	39154
544	Nissan	Frontier	78846
545	Lexus	SC	18393
546	Audi	Q7	99865
547	Maserati	Quattroporte	57968
548	Lexus	ES	49249
549	Volkswagen	Jetta	80170
550	Dodge	Dakota	96749
551	Toyota	T100	50227
552	Chevrolet	Colorado	91023
553	Mazda	626	69966
554	GMC	Sierra 2500	63331
555	Nissan	Titan	8548
556	Isuzu	Impulse	21690
557	Ford	Taurus	2627
558	GMC	Savana	74019
559	GMC	Savana 3500	2169
560	GMC	Rally Wagon 1500	77523
561	Honda	Pilot	29937
562	GMC	Vandura 2500	66237
563	Buick	Skyhawk	82736
564	Aston Martin	Virage	21372
565	Audi	4000s Quattro	62159
566	Ford	Explorer	74107
567	Subaru	Impreza	72834
568	Pontiac	Sunbird	61292
569	Audi	A4	5583
570	Saab	9000	11876
571	Mazda	626	17907
572	Dodge	Ram 3500	66163
573	Ford	Club Wagon	2349
574	Lexus	LS	38906
575	Cadillac	Escalade	56783
576	Toyota	Camry	69904
577	Audi	S4	90068
578	Toyota	Prius	17259
579	Isuzu	i-Series	30276
580	Honda	S2000	57243
581	Volvo	S80	66414
582	Nissan	Armada	97554
583	Acura	NSX	36099
584	Toyota	4Runner	67067
585	Kia	Sorento	93826
586	Daewoo	Leganza	82478
587	Volkswagen	Golf	61741
588	Nissan	Pathfinder	41007
589	Dodge	Ram 1500	15915
590	Saab	9000	13184
591	Cadillac	Escalade EXT	15732
592	Toyota	Corolla	79901
593	Kia	Spectra	57028
594	Maybach	Landaulet	97440
595	Chevrolet	Corsica	37924
596	Mazda	B-Series	80259
597	Nissan	Frontier	35100
598	Ford	Focus	99480
599	Pontiac	Bonneville	46915
600	Volvo	V70	11996
601	Mercury	Montego	37569
602	Chrysler	Town & Country	20234
603	Aston Martin	DB9	5773
604	Chevrolet	Silverado 2500	67129
605	Mercedes-Benz	SLK-Class	53085
606	Aston Martin	Rapide	37371
607	Chrysler	Crossfire	18022
608	Ford	Aspire	22585
609	Chevrolet	Corvette	23769
610	Honda	Odyssey	42212
611	Toyota	Camry Hybrid	52357
612	Mitsubishi	Expo	63471
613	Oldsmobile	88	37158
614	Volkswagen	GLI	61055
615	BMW	7 Series	55507
616	Suzuki	Grand Vitara	31834
617	Porsche	968	23249
618	Audi	4000s	66125
619	BMW	Z4	49372
620	Nissan	200SX	85636
621	Bentley	Azure T	87540
622	Chevrolet	Monte Carlo	36084
623	Mitsubishi	Galant	20777
624	Maserati	Quattroporte	83812
625	Dodge	Caravan	87529
626	Chevrolet	Colorado	32414
627	Audi	A3	91485
628	Hyundai	Santa Fe	77191
629	BMW	330	55251
630	Hyundai	Scoupe	32365
631	Mercedes-Benz	SLK55 AMG	52510
632	Nissan	Pathfinder Armada	66349
633	GMC	Savana 1500	41221
634	Chevrolet	Caprice	96498
635	Honda	Passport	13335
636	BMW	X5	64939
637	Pontiac	G6	37594
638	GMC	Sierra 1500	48810
639	Mercedes-Benz	GL-Class	9117
640	Lexus	IS F	35244
641	Chevrolet	Silverado 2500	90951
642	Dodge	Grand Caravan	90306
643	Audi	A4	96120
644	Lincoln	Blackwood	7977
645	Jaguar	XK	38896
646	Pontiac	Grand Prix	35863
647	GMC	Sonoma	69866
648	Acura	TL	60184
649	Saturn	Ion	70002
650	Chevrolet	Venture	65094
651	Eagle	Vision	38593
652	Mercury	Sable	23051
653	Lexus	GX	95601
654	Ford	Econoline E250	86076
655	Chevrolet	Caprice Classic	6958
656	Chevrolet	Beretta	27498
657	Cadillac	CTS	11704
658	Oldsmobile	Bravada	71332
659	BMW	X3	71237
660	Cadillac	DeVille	7217
661	Toyota	Echo	55179
662	Volvo	940	95427
663	Kia	Sephia	26270
664	Ford	Mustang	48892
665	Mercury	Sable	25169
666	Mazda	Mazda6	64858
667	Toyota	4Runner	48540
668	Chevrolet	Silverado Hybrid	2480
669	Lexus	LX	33661
670	GMC	Sierra 1500	50466
671	Mercury	Villager	72829
672	Ford	Thunderbird	37730
673	GMC	Safari	60435
674	Kia	Spectra	45499
675	Ford	Windstar	31720
676	Mercedes-Benz	G-Class	84657
677	GMC	Jimmy	29176
678	Cadillac	Allante	69082
679	Ford	Expedition	52584
680	Cadillac	Seville	97259
681	Oldsmobile	Silhouette	92589
682	Infiniti	FX	90068
683	Mitsubishi	Mighty Max Macro	99995
684	Dodge	Caravan	67826
685	Saab	900	97815
686	Cadillac	XLR	21591
687	Chevrolet	Suburban 1500	99000
688	Mitsubishi	Mirage	48723
689	Mercury	Mariner	96087
690	BMW	M5	39159
691	Mitsubishi	Space	93779
692	Mitsubishi	Lancer Evolution	54684
693	Buick	Lucerne	4350
694	Chevrolet	Corvette	14816
695	Cadillac	Escalade	49091
696	Pontiac	Grand Am	40937
697	Plymouth	Breeze	34012
698	Chevrolet	Corvette	56186
699	BMW	Z4	62600
700	Mercedes-Benz	SL-Class	68528
701	Toyota	Corolla	85968
702	Buick	Regal	74748
703	Lincoln	Continental Mark VII	62291
704	Audi	A8	28082
705	Volkswagen	GTI	68361
706	Toyota	Camry	1870
707	BMW	X5	78614
708	Honda	Odyssey	39838
709	Nissan	Titan	52674
710	Ford	F350	15767
711	Saturn	S-Series	99932
712	Ford	Mustang	50263
713	Ford	F150	29004
714	Dodge	Viper	2903
715	Lotus	Evora	2158
716	Chrysler	LHS	87161
717	Lotus	Esprit	96736
718	Toyota	Land Cruiser	68283
719	Audi	A6	90896
720	Cadillac	DTS	33706
721	Cadillac	STS	80354
722	Suzuki	SJ	38587
723	Ford	F150	79287
724	Saturn	Outlook	49444
725	Subaru	Impreza	48851
726	Ford	Tempo	60063
727	Mitsubishi	Mirage	45012
728	Chevrolet	Suburban 1500	77073
729	Acura	RSX	79320
730	Mercedes-Benz	CL-Class	49418
731	Toyota	Celica	18505
732	Maybach	57	92044
733	Mitsubishi	Galant	7463
734	Infiniti	G25	31012
735	Honda	Odyssey	58996
736	Plymouth	Colt	66449
737	Buick	Century	73070
738	Land Rover	Freelander	19130
739	Mitsubishi	Pajero	79119
740	Mazda	MX-6	38474
741	Dodge	Grand Caravan	78253
742	Plymouth	Sundance	43964
743	Cadillac	DeVille	16390
744	Chrysler	300M	80484
745	Chevrolet	Express 1500	22750
746	Saab	9-7X	86685
747	Bentley	Brooklands	72130
748	Dodge	Intrepid	63188
749	Suzuki	Swift	39265
750	BMW	M5	72310
751	Acura	NSX	39750
752	Ford	Explorer	26194
753	Mitsubishi	Diamante	90969
754	Ford	Bronco	58475
755	Nissan	Rogue	94570
756	Nissan	Murano	6630
757	Chevrolet	Corvette	38664
758	Oldsmobile	Bravada	61621
759	Dodge	Stratus	70136
760	Chrysler	Sebring	49720
761	GMC	Savana 2500	36836
762	Chevrolet	Cobalt	78730
763	Lexus	GS	89800
764	Land Rover	Discovery	16516
765	Acura	SLX	71850
766	Oldsmobile	Cutlass Cruiser	15725
767	GMC	Suburban 2500	24262
768	Toyota	Celica	37615
769	Suzuki	Vitara	92192
770	Chevrolet	Tahoe	85211
771	Buick	Regal	73498
772	Honda	Passport	28891
773	Isuzu	Ascender	61955
774	Chevrolet	Express 1500	61069
775	Chevrolet	Astro	28112
776	Mazda	MX-6	23597
777	Audi	5000CS Quattro	84131
778	Mercedes-Benz	S-Class	70204
779	Chevrolet	Astro	16599
780	Mitsubishi	Truck	73610
781	Mercedes-Benz	S-Class	1379
782	Acura	NSX	21298
783	Ford	LTD Crown Victoria	63441
784	Dodge	Ram Wagon B350	55633
785	Lincoln	Blackwood	67995
786	Porsche	Boxster	33093
787	Ford	Mustang	42818
788	Suzuki	Cultus	19072
789	Mitsubishi	Pajero	18993
790	Hummer	H3	88638
791	Honda	Passport	44447
792	Honda	CR-V	91624
793	Infiniti	G	3253
794	Lincoln	Town Car	27261
795	Nissan	Maxima	57892
796	Daewoo	Nubira	10982
797	Land Rover	Discovery	44991
798	Acura	CL	80887
799	Mercedes-Benz	W201	12566
800	Mercury	Cougar	26842
801	Pontiac	Sunbird	64054
802	Suzuki	Esteem	31013
803	Chevrolet	Suburban 2500	98076
804	Pontiac	Firebird Formula	85407
805	Dodge	Ram 1500 Club	82270
806	GMC	2500	4520
807	Infiniti	FX	94989
808	Mazda	Protege	52199
809	Chevrolet	Uplander	23285
810	Buick	Skylark	51755
811	Ford	F-Series Super Duty	32312
812	Chevrolet	Tahoe	46762
813	Mitsubishi	Raider	94559
814	Land Rover	Discovery	90150
815	Mitsubishi	Pajero	64690
816	BMW	760	39724
817	Mazda	MX-6	49163
818	Mercedes-Benz	M-Class	86250
819	Lexus	IS F	83599
820	Ford	F250	73570
821	Hyundai	XG300	77978
822	Mazda	Protege	87152
823	Chevrolet	Camaro	22889
824	GMC	Sonoma	65144
825	Porsche	Cayenne	30320
826	Ford	EXP	48574
827	Chevrolet	Prizm	43946
828	Mazda	RX-8	51836
829	Volkswagen	Eurovan	98724
830	Plymouth	Laser	69282
831	Chrysler	PT Cruiser	77593
832	Chevrolet	S10	44557
833	Mercedes-Benz	E-Class	72335
834	Volkswagen	Golf	50378
835	Mazda	Protege	62512
836	Suzuki	Esteem	86656
837	Oldsmobile	Aurora	98955
838	Audi	riolet	23027
839	Chevrolet	Suburban 1500	20503
840	Oldsmobile	Bravada	25122
841	GMC	Savana	8679
842	Lincoln	LS	97615
843	Ford	F250	62993
844	BMW	3 Series	18365
845	Volvo	V70	81226
846	Cadillac	XLR-V	47823
847	Lexus	ES	48585
848	Jaguar	XJ Series	68596
849	Volvo	S80	65666
850	Volkswagen	Golf	98554
851	Mitsubishi	Diamante	15506
852	Suzuki	X-90	64137
853	Jaguar	XJ	4856
854	Plymouth	Voyager	46694
855	GMC	Suburban 1500	54641
856	Infiniti	G35	39868
857	Kia	Spectra	30901
858	Cadillac	CTS-V	86785
859	Lincoln	Continental	68083
860	Ford	Taurus	40988
861	Chevrolet	1500	93141
862	Mitsubishi	Truck	79746
863	Suzuki	Samurai	24809
864	Mercedes-Benz	SL-Class	43315
865	GMC	Suburban 1500	31677
866	Mercedes-Benz	Sprinter	37202
867	Land Rover	Range Rover Sport	28069
868	Nissan	Pathfinder	70714
869	Toyota	MR2	51886
870	Chevrolet	Silverado 3500	78326
871	Mitsubishi	Mighty Max	39981
872	Infiniti	FX	37901
873	Land Rover	Defender Ice Edition	98619
874	Maybach	62	97576
875	Volkswagen	GTI	96500
876	Honda	Civic	70746
877	Oldsmobile	LSS	98371
878	Mercedes-Benz	S-Class	43791
879	Nissan	JUKE	82784
880	Volvo	940	35167
881	Lexus	GS	92012
882	GMC	Savana 1500	86883
883	Ford	LTD Crown Victoria	17979
884	Mercedes-Benz	E-Class	93089
885	Saab	900	23921
886	Audi	S8	49205
887	GMC	Canyon	26167
888	Ford	Mustang	20163
889	Suzuki	Vitara	36692
890	Mercury	Cougar	18380
891	Mercury	Sable	43815
892	Honda	Accord	31378
893	Dodge	Ram Van B250	62222
894	Chevrolet	Express 1500	44698
895	Lexus	GX	7391
896	Mitsubishi	Montero Sport	66096
897	Chevrolet	Sportvan G10	69389
898	Buick	LeSabre	19520
899	Mercedes-Benz	CLK-Class	3569
900	Acura	TL	42636
901	Mercedes-Benz	SLK-Class	15931
902	Isuzu	i-280	60056
903	Hummer	H2	26515
904	Saab	900	46597
905	Land Rover	Range Rover	52540
906	Suzuki	Swift	37344
907	Saab	9-3	56003
908	Ford	Mustang	6473
909	Ford	Probe	86531
910	Ford	F250	10744
911	Cadillac	STS	56500
912	Saturn	Aura	35117
913	Ford	F-Series Super Duty	13890
914	Dodge	Neon	45697
915	Cadillac	DTS	73014
916	Porsche	928	99570
917	Volkswagen	GTI	44254
918	Chevrolet	Corvette	57961
919	Mitsubishi	Chariot	66576
920	Ford	Explorer Sport	29993
921	Buick	Park Avenue	40927
922	Chevrolet	Metro	71492
923	Nissan	Versa	28521
924	Hyundai	Santa Fe	75693
925	Mercedes-Benz	CL-Class	86649
926	Infiniti	Q	62098
927	Mercedes-Benz	W201	99006
928	Nissan	Rogue	10087
929	Lincoln	Continental Mark VII	98739
930	Mitsubishi	Outlander	62285
931	Pontiac	Firebird	84541
932	Nissan	Pathfinder	99298
933	Nissan	Versa	12012
934	Infiniti	M	97147
935	Ford	LTD Crown Victoria	85577
936	Mazda	B-Series	85899
937	Volvo	S60	34644
938	Volkswagen	New Beetle	59984
939	GMC	Yukon XL 1500	38063
940	Chevrolet	Silverado 1500	60916
941	Mercedes-Benz	CL-Class	36740
942	Ford	E350	1514
943	Volkswagen	Touareg	21422
944	Honda	Civic	1336
945	Lexus	SC	62387
946	Lincoln	Town Car	69946
947	BMW	Z8	64926
948	Dodge	Durango	82625
949	Mercedes-Benz	G55 AMG	32212
950	Chevrolet	Equinox	99523
951	BMW	3 Series	93276
952	Ford	Aerostar	88609
953	Pontiac	Grand Am	18899
954	Volkswagen	Golf	97697
955	Ford	Taurus	97952
956	Ford	Ranger	94666
957	Toyota	Avalon	54439
958	Saturn	L-Series	69907
959	Buick	Park Avenue	91629
960	Subaru	Alcyone SVX	44812
961	Jaguar	XJ Series	93739
962	GMC	3500 Club Coupe	70152
963	Pontiac	6000	86333
964	Dodge	Dakota Club	63552
965	Land Rover	Range Rover	86155
966	Ford	Th!nk	31818
967	Toyota	Highlander	70347
968	Dodge	Ram 1500	29613
969	Toyota	Camry	24954
970	Ford	Flex	61560
971	Rolls-Royce	Phantom	18673
972	Nissan	Maxima	99707
973	MINI	Cooper	79090
974	Mercury	Topaz	62790
975	Chevrolet	Tracker	77136
976	Dodge	D150 Club	67700
977	BMW	M5	94503
978	Toyota	RAV4	70329
979	Audi	100	33000
980	Ford	F250	10155
981	Suzuki	Esteem	55039
982	Chrysler	Town & Country	70787
983	Mazda	Protege	99898
984	Mercedes-Benz	R-Class	80473
985	Pontiac	Sunbird	45921
986	Pontiac	Montana	71604
987	Hummer	H2 SUV	90872
988	Isuzu	Trooper	61609
989	Lamborghini	Diablo	69813
990	Jaguar	XF	90213
991	Chrysler	LHS	12281
992	Dodge	Ram Van 1500	97975
993	Plymouth	Volare	49663
994	Ford	E-Series	82482
995	GMC	Suburban 1500	93523
996	Ford	Escape	6134
997	Ferrari	612 Scaglietti	68662
998	Land Rover	Discovery	46515
999	Mercury	Lynx	12249
1000	Scion	xB	65672
\.


--
-- Data for Name: person; Type: TABLE DATA; Schema: public; Owner: postgres
--

COPY public.person (id_person, nom, prenom, id_car, id_addresse) FROM stdin;
1	Meggy	Flatte	951	600
2	Joe	Onge	628	529
3	Joey	Craine	403	980
4	Sisely	Brandenburg	328	137
5	Greggory	Staff	686	778
6	Robert	Blazic	234	435
7	Nicholas	MacSweeney	744	877
8	Odetta	Yitzhakof	18	459
9	Aluino	Dibner	958	694
10	Opaline	Worthington	696	202
11	Tiffie	Arrington	43	155
12	Christabella	Awin	551	730
13	Bunnie	Plascott	394	93
14	Meredeth	Wissbey	600	422
15	Eamon	Seabourne	593	326
16	Zitella	Giamo	450	982
17	Leona	Labeuil	78	715
18	Kathe	Berthome	447	817
19	Ketty	MacMillan	432	95
20	Cymbre	McClancy	353	50
21	Darleen	Van Brug	292	910
22	Maura	Vala	495	675
23	Flin	Sumbler	588	799
24	Reggie	Choke	888	982
25	Allix	Schottli	910	97
26	Claudetta	Menelaws	614	792
27	Thaddus	Wackley	761	729
28	Kellina	Ghiron	502	687
29	Samantha	Lockey	275	198
30	Emlen	Viall	689	603
31	Che	Dohr	165	258
32	Lorrin	O'Bradden	858	633
33	Kaja	Kurten	995	333
34	Cart	Northern	294	440
35	Simonne	Bruins	846	19
36	Niki	Vipan	172	465
37	Devon	D'Antonio	190	745
38	Claudetta	Elphey	932	131
39	Sim	Attenbrough	112	85
40	Morena	Cossar	493	44
41	Peadar	Tuminini	371	588
42	Hugh	Seint	413	103
43	Trixy	Welton	857	110
44	Dede	Moncarr	842	683
45	Leia	Denge	684	574
46	Margalit	Fiddeman	192	938
47	Ileane	Daniele	261	233
48	Suzanna	Ferschke	440	61
49	Pansie	Cowe	510	888
50	Toddy	Romanelli	534	545
51	Sansone	Hairsine	455	52
52	Nat	Petrovic	642	689
53	Angela	Huband	73	937
54	Tymon	Whelpton	966	458
55	Hardy	Mulhill	682	632
56	Chane	Filyushkin	780	214
57	Zeb	Ivchenko	240	414
58	Simonette	Habbin	426	694
59	Randolph	Coole	220	391
60	Lyn	Everwin	668	800
61	Dorette	Jadczak	327	305
62	Correy	Schwandermann	382	51
63	Tabb	Stoodley	837	74
64	Katrina	Renfree	451	831
65	Callida	Richings	673	570
66	Aundrea	Reynoldson	802	247
67	Marcellina	Huyton	782	850
68	Jill	Pendleton	803	790
69	Tammie	Bichard	824	917
70	Abel	Norree	685	173
71	Jourdain	Jovovic	385	699
72	Pammy	Bulbeck	980	330
73	Aldridge	Slateford	540	158
74	Kalinda	Urch	994	29
75	Georgie	Tomkinson	651	499
76	Lidia	Buckhurst	282	242
77	Susi	Wilkenson	630	889
78	Leone	Senett	779	952
79	Taffy	Portman	930	951
80	Amitie	Lucks	893	468
81	Ashley	MacLise	143	598
82	Hieronymus	Hutchence	84	143
83	Ynes	Stendall	25	793
84	Morton	Parlor	983	368
85	Hetti	Twigge	270	209
86	Lynnelle	Rillett	218	739
87	Phelia	Zappel	556	814
88	Bertie	Birdfield	993	720
89	Lisa	Bassilashvili	876	651
90	Stillmann	Oliver	178	607
91	Rhea	Oxtaby	895	195
92	Nananne	Astles	3	88
93	Hilary	Zuker	683	726
94	Brier	Stacey	874	787
95	Ella	Burberow	253	946
96	Marthe	Byas	317	182
97	Cordelie	Duffil	325	857
98	Brenna	Matussov	543	465
99	Vincenty	Slowly	501	643
100	Marietta	Derdes	463	35
101	Peg	Cuddon	275	379
102	Orella	Paulo	418	238
103	Franzen	Heffron	80	621
104	Hillary	Myott	660	311
105	Zondra	Frill	336	408
106	Amalie	Linskill	593	518
107	Adolf	Duckit	37	999
108	Milka	Kleanthous	522	16
109	Witty	Cardow	489	729
110	Rickert	Bowlesworth	505	508
111	Milissent	Thresher	879	179
112	Dorie	Kocher	386	90
113	Carlyn	Silmon	563	63
114	Emmaline	Eccleshall	35	543
115	Wendie	Caso	398	642
116	Angelico	Le Noir	674	507
117	Debera	Jancey	950	290
118	Carroll	Thomerson	182	760
119	Rosemaria	Soldan	59	151
120	Shirlee	McCaster	631	594
121	Zachery	Marskell	874	755
122	Banky	McLevie	654	2
123	Donica	Wilderspoon	492	637
124	Toma	Dellenbrok	106	630
125	Damien	Bayford	971	304
126	Estrella	Bilton	74	464
127	Reinwald	Cocklie	779	266
128	Henderson	Keele	46	809
129	Maribeth	Pull	317	724
130	Mandy	Murfin	438	496
131	Gwennie	Ithell	229	845
132	Juanita	Reisenberg	507	303
133	Victor	Henriquet	664	363
134	Antonina	Deans	760	206
135	Koralle	Dalgarnocht	742	173
136	Allie	Phittiplace	964	223
137	Jess	Heathcott	961	338
138	Tabatha	Paskerful	264	792
139	Danni	Harback	670	463
140	Edward	Utley	52	54
141	Jennica	Westcar	992	156
142	Pierson	Joder	478	357
143	Alyss	Joder	161	356
144	Ferguson	Nealon	939	750
145	Agathe	Webermann	187	306
146	Pierce	Trippack	809	220
147	Rosalynd	Skerm	511	980
148	Ev	Dyton	426	37
149	Hilton	Fermer	944	634
150	Meara	Featonby	995	606
151	Clarabelle	Pickrell	744	20
152	Ricky	Orneles	990	243
153	Trudi	Tennick	387	472
154	Tiphanie	Leggen	451	122
155	Mattie	Harriday	652	22
156	Leonore	Nesbit	237	139
157	Milli	Hastelow	294	57
158	Artemas	Le Breton De La Vieuville	779	252
159	Pearce	Greenrod	428	532
160	Irwin	Shillingford	106	752
161	Gay	Saxton	177	276
162	Carlye	Clements	935	951
163	Christabella	Baskeyfield	465	249
164	Blinnie	Davson	529	948
165	Goddard	Benoiton	69	906
166	Bentley	Hannaway	695	969
167	Gena	Jest	568	572
168	Anett	McDell	637	423
169	Cullan	Viner	652	862
170	Susette	Bagby	603	927
171	Aggi	Emmanuel	256	71
172	Valaree	Leckie	234	441
173	Walther	Dunston	460	990
174	Silva	Dowthwaite	831	684
175	Lisle	Ferrar	197	901
176	Debor	Kirwan	574	833
177	Charil	Deans	723	257
178	Cynthea	Ciccotto	933	650
179	Cinda	Gasticke	978	262
180	Talbot	Warbrick	879	285
181	Bevvy	Tomney	121	510
182	Jarrad	Luckcuck	277	698
183	Leroy	Gethyn	379	814
184	Heddie	Guilayn	902	817
185	Jobey	Ambrosoli	386	566
186	Terrance	Zorro	499	877
187	Katinka	Van Dalen	432	532
188	Barry	Kerins	413	829
189	Angel	Skett	16	530
190	Laurice	McCrisken	254	208
191	Bone	Denisevich	740	810
192	Eran	McCourt	527	637
193	Cob	Broke	267	479
194	Domenico	Spileman	750	661
195	Raf	Sille	607	763
196	Florenza	Dwane	411	754
197	Glenn	Umbers	496	685
198	Becki	Algeo	516	398
199	Evvy	Dalgetty	161	534
200	Wilhelm	Gobel	230	642
201	Viv	Yankin	421	539
202	Lorant	Elman	125	49
203	Teddie	Posthill	174	805
204	Josephine	Kitt	323	52
205	Sayer	Caustic	320	753
206	Gerry	Santo	622	786
207	Sileas	Alger	828	596
208	Emilia	Norssister	901	838
209	Dniren	Viggers	708	98
210	Nanni	Penhalewick	922	899
211	Ely	Meneghi	745	947
212	Mariele	Motion	701	644
213	Patrizio	Ingrem	409	67
214	Tybalt	Gamon	38	556
215	Shellie	Neil	994	656
216	Joane	Quickenden	127	505
217	Jose	O'Dyvoy	933	557
218	Devlen	Mawford	35	172
219	Mal	Janota	332	362
220	Mame	Switzer	199	631
221	Bertha	Culligan	319	245
222	Leupold	Rozea	543	694
223	Gertie	Samwyse	387	2
224	Yehudit	Cordelette	213	926
225	Nikita	Cruces	932	58
226	Shayna	Praundlin	338	120
227	Charla	Salatino	58	563
228	Ario	Crump	487	392
229	Alicea	Snodden	961	727
230	Rhea	Merrilees	217	674
231	Duky	Ruthven	718	421
232	Wilmette	Bus	887	481
233	Kristyn	Sawbridge	85	397
234	Harald	Bacon	86	954
235	Thorstein	Klaes	745	760
236	Sean	Moloney	244	583
237	Bobbi	Simchenko	523	809
238	Cicily	Winnett	837	913
239	Siward	Cousin	479	833
240	Aubrette	Priter	99	723
241	Gratiana	Twelvetrees	62	418
242	Ki	McArley	873	61
243	Sissie	Fasse	527	991
244	Ardath	Gensavage	887	374
245	Ingelbert	Esposito	843	383
246	Jarrid	Smalridge	574	694
247	Corina	Ccomini	825	792
248	Ingunna	Cluett	716	654
249	Lizzy	Strathe	188	55
250	Pansy	Fincke	647	653
251	Julieta	Nichol	708	612
252	Craggie	Oughton	785	423
253	Abigale	Grewes	161	489
254	Rubie	Reeson	686	325
255	Alejandro	Bilborough	999	381
256	Lyssa	Lyall	179	194
257	Viviana	Mahon	916	413
258	Lauri	Adriaan	283	506
259	Hillyer	Clears	100	650
260	Ammamaria	Cundict	961	27
261	Clay	Lidgley	891	411
262	Loni	Kieran	549	735
263	Lucien	Courtliff	44	155
264	Judah	Bedford	299	871
265	Rosina	Croughan	863	358
266	Zorina	Nelthrop	945	366
267	Eugenia	Piers	294	496
268	Gillan	Faill	672	827
269	Jayme	Hacon	779	975
270	Royce	Mingo	95	263
271	Delphinia	Dorrins	86	725
272	Reba	Whopples	510	465
273	Clifford	Shepherdson	396	32
274	Northrop	Wagnerin	61	588
275	Ddene	Gunson	356	536
276	Maison	Olkowicz	566	379
277	Darda	Sains	37	469
278	Boothe	Wadly	130	827
279	Aymer	Jorio	148	303
280	Dani	Tubb	372	197
281	Thomasa	Struis	923	311
282	Em	O'Cullen	671	759
283	Charity	Henderson	855	925
284	Nerita	Bradie	758	807
285	Netta	Edmand	106	246
286	Karole	Tomaszczyk	842	441
287	Dee	Wimmers	44	985
288	Rosemonde	Lomond	617	639
289	Maire	Brogden	547	879
290	Carver	Plover	490	928
291	Wait	Flew	283	731
292	Cordey	Terron	175	883
293	Nannie	Etoile	123	713
294	Carmon	Greensall	673	394
295	Barbe	Penzer	289	777
296	Sissie	Rushmere	988	791
297	Vivia	Caseri	305	175
298	Bennie	Culvey	801	815
299	Salomo	Parslow	363	363
300	Ogdan	Clemenzo	489	540
301	Georgie	Todarini	453	783
302	Liuka	Graveston	179	180
303	Bethena	Orteau	354	398
304	Olimpia	Francescone	379	772
305	Lilly	Keysel	965	23
306	Brandy	Hazelhurst	886	965
307	Dennie	Tuffield	927	152
308	Shelli	Dexter	891	103
309	Alexandr	Mewton	661	348
310	Jared	Wipfler	994	497
311	Buiron	Ketchell	80	584
312	Corry	Burkman	717	234
313	Pauletta	Holdren	779	955
314	Archy	Higgen	6	179
315	Merell	Harriman	710	721
316	Aimil	Heeron	308	146
317	Adam	Mustard	298	816
318	Celisse	Dorning	732	346
319	Lyndell	Ridolfi	100	136
320	Enrika	Sayle	550	691
321	Ryan	Kilday	872	267
322	Javier	Dawton	722	951
323	Eve	Pasticznyk	167	28
324	Cathlene	Berkely	920	191
325	Idaline	Aird	6	829
326	Delbert	Leckenby	465	434
327	Dmitri	Billing	420	789
328	Shellysheldon	Benes	682	984
329	Kate	Culpan	146	27
330	Niki	Poetz	280	245
331	Ruperta	Medforth	318	118
332	Constantina	Thrussell	903	757
333	Hamnet	Iceton	974	437
334	Gertrud	Coult	567	400
335	Flo	Van Bruggen	399	404
336	Carolee	Slowcock	721	151
337	Suzanna	Willatts	849	769
338	Elizabeth	Arthey	11	393
339	Ludwig	Freyne	853	925
340	Roda	Crankhorn	463	867
341	Carce	Gilligan	476	159
342	Jonis	Eltune	72	182
343	Guillaume	Lamburne	404	306
344	Pascale	Garbert	148	643
345	Katti	Sprason	545	173
346	Garv	Aylmore	695	450
347	Alberta	McMickan	717	702
348	Tiebold	Sowood	682	248
349	Farley	Drinkale	41	835
350	Modesta	Klamman	701	501
351	Orelle	Ghioni	390	278
352	Marinna	Jeacocke	738	467
353	Catarina	Geertsen	380	920
354	Gasper	Dollin	60	26
355	Leroi	Koubu	382	43
356	Hanny	Rosencwaig	384	199
357	Melvin	Very	954	750
358	Darrin	Bree	599	697
359	Aline	Dyers	112	54
360	Dougie	Janes	717	454
361	Patsy	Ilott	285	978
362	Robinet	Nardrup	442	798
363	Estrellita	Clayill	145	74
364	Uta	Bettinson	675	105
365	Kerrill	Tizard	322	821
366	Elwood	Meagh	362	267
367	Derwin	Ninnis	147	672
368	Ross	Chaplyn	210	919
369	Ysabel	Tooby	935	644
370	Win	Robic	294	517
371	Aguistin	Fotheringham	341	867
372	Alverta	Alcoran	84	317
373	Zoe	Hanaby	675	602
374	Kizzie	Prickett	313	423
375	Wallas	Fiddeman	569	584
376	Vick	Andrei	735	331
377	Roxanna	Daymond	873	611
378	Missie	Andrzejak	66	460
379	Clyde	Graveney	18	684
380	Gabi	Tonbridge	183	656
381	Tamara	Genn	341	476
382	Bertina	Doud	158	399
383	Mattie	McIan	277	94
384	Florian	Waddingham	334	818
385	Matthiew	Hugnot	499	411
386	Peirce	Hinkensen	787	667
387	Adlai	Stollery	558	431
388	Mada	Sola	626	660
389	Pegeen	Filip	397	123
390	Madella	Wakenshaw	513	883
391	Davon	Tomlett	57	326
392	Hewie	Thornborrow	182	964
393	Morey	Domotor	704	230
394	Dunc	Seif	402	462
395	Charyl	Napthine	11	472
396	Ambros	Shann	858	581
397	Beale	Paulo	224	250
398	Irena	Clemitt	199	941
399	Helsa	Powderham	911	704
400	Essa	Kibbye	906	452
401	Madelin	Elwel	72	157
402	Norby	Langan	190	772
403	Grethel	Wingeatt	604	466
404	Emmery	Arnoult	701	620
405	Mathian	Manilove	600	963
406	Yulma	Simon	187	355
407	Leila	Castillou	230	59
408	Lucienne	Manon	330	209
409	Jena	Learmouth	875	537
410	Glendon	Thorbon	978	663
411	Berny	Spurett	187	915
412	Spenser	Brodest	848	595
413	Kinna	McTrusty	252	793
414	Anabal	Gisburn	875	689
415	Euell	Challis	901	538
416	Joyan	Ailward	296	657
417	Delbert	Donahue	413	491
418	Oren	Snazel	785	277
419	Briney	Errey	496	417
420	Guthrey	Escoffrey	46	808
421	Pavel	Causer	709	417
422	Daria	Hulse	55	43
423	Bab	Leare	35	75
424	Susanna	Maycey	144	227
425	Jenica	Cunniam	958	465
426	Dolley	Brundle	111	549
427	Tiffani	Sherington	658	168
428	Anneliese	Beisley	603	309
429	Phillida	Colafate	764	441
430	Lilyan	Rodgerson	855	387
431	Alva	Perrott	315	273
432	Cristin	Connal	517	830
433	Faustina	Ottosen	764	961
434	Saxe	Mundie	661	411
435	Kingston	Relph	893	809
436	Jackquelin	Moffet	182	369
437	Nil	Sang	824	603
438	Lianne	Lownds	102	803
439	Verna	Eallis	483	420
440	Ardelis	Becconsall	31	565
441	Leoline	Amos	428	147
442	Bobbi	Gillbard	196	321
443	Abby	Torry	867	368
444	Klemens	Weaben	885	366
445	Luce	Shawcross	636	213
446	Didi	Buston	182	792
447	Noel	Georgeot	594	337
448	Parke	Ivakhnov	878	442
449	Tessa	Buggs	901	833
450	Celinda	O'Corrin	429	726
451	Damiano	Bargh	528	421
452	Isac	Malthus	138	881
453	Mannie	Biggs	64	164
454	Margaux	Gilyott	70	735
455	Sherri	Sidney	568	561
456	Lisa	Jayme	732	260
457	Madge	Izat	354	562
458	Ryann	Joscelin	514	241
459	Flor	Falvey	24	332
460	Roxanna	Strowthers	2	609
461	Maxwell	Dowsey	235	997
462	Mattias	Schaumann	254	180
463	Tommie	Honeywood	67	66
464	Berry	Janaway	960	124
465	Myca	Saunder	794	21
466	Darcie	Norcock	642	722
467	Sherri	Shird	679	605
468	Carmelita	Blackham	819	375
469	Berny	Hebner	444	760
470	Niall	Hanster	447	517
471	Berri	Belcham	40	808
472	Nicolle	Jaycocks	493	217
473	Jordan	Furtado	131	370
474	Kitti	Hanway	172	43
475	Karena	Korlat	499	448
476	Toiboid	Peplaw	40	181
477	Bendick	Costen	719	343
478	Helge	Edworthy	417	731
479	Lindi	Korba	841	715
480	Ag	Yesichev	270	761
481	Benny	Deason	27	615
482	Marieann	Magne	272	224
483	Donny	Tettersell	977	302
484	Inness	Di Nisco	10	43
485	Callie	Bolver	898	827
486	Edgardo	Kellington	165	548
487	Rodie	Grzesiak	756	108
488	Gwenore	Jekyll	941	167
489	Felipa	Finby	409	848
490	Pinchas	Jansson	740	120
491	Kincaid	Bellini	56	236
492	Osborne	Mallock	425	769
493	Marnie	Presser	456	810
494	Marylinda	Bardsley	745	537
495	Rooney	Waymont	915	140
496	Anni	Buckle	491	47
497	Laney	Borrington	115	357
498	Kesley	Hindhaugh	849	601
499	Giordano	McLeese	348	670
500	Astra	Rouzet	791	567
501	Dulcine	Dickens	288	810
502	Bette	Bursnell	426	725
503	Abey	Kinkade	856	587
504	Tobi	Graveson	248	106
505	Ranee	Rippen	299	548
506	Emmie	Lovewell	857	736
507	Emelia	Staining	138	691
508	Pate	Gowanson	266	189
509	Aylmar	Gieves	548	416
510	Wallie	Nicholson	599	775
511	Guillaume	Bilovus	274	218
512	Donavon	Igounet	486	25
513	Halli	Pulley	181	703
514	Aaron	Georgeou	330	245
515	Berton	Jindrich	525	395
516	Hewe	Dammarell	788	769
517	Dre	Primmer	898	35
518	Brigit	Royden	911	602
519	Franklyn	Quinney	20	737
520	Bartolemo	Jakubiak	862	382
521	Miguela	Edgin	820	780
522	Elane	McGeorge	248	476
523	Teirtza	Torbeck	185	701
524	Des	Prendergrast	931	86
525	Aldwin	Greetland	653	39
526	Maryanna	Ince	599	427
527	Olympia	Cape	344	165
528	Merrielle	Maidlow	822	273
529	Hazel	Jamblin	33	598
530	Vergil	Leopold	881	76
531	Thibaut	Shulver	796	383
532	Sayer	Carsberg	86	681
533	Lydie	Patterfield	819	624
534	Germain	Joselevitch	897	115
535	Martica	Reast	801	164
536	Josy	Tschirschky	20	923
537	Johnnie	Prozescky	43	768
538	Corenda	Penas	25	750
539	Skyler	Chern	555	740
540	Mara	Harbertson	184	190
541	Lezlie	Rosewell	891	199
542	Corbett	Glossup	507	568
543	Al	Grafom	36	227
544	Bryna	Bridgeland	431	807
545	Noe	Carrell	323	694
546	Davis	Ioan	991	954
547	Robina	Keightley	346	83
548	Pren	Nucci	900	329
549	Cam	Hue	179	327
550	Buddy	Ludman	633	739
551	Ettore	Fosten	482	990
552	Dell	Piddletown	529	759
553	Bobbye	Tilsley	37	402
554	Dacey	Pitt	926	664
555	Lock	Batting	115	722
556	Ronna	Ramey	434	575
557	Randie	O'Reagan	518	54
558	Thurston	Hoggetts	430	712
559	Phil	Lantuffe	681	161
560	Kaleena	Frankel	472	735
561	Alwyn	Brownsea	956	926
562	Kassia	Spillett	256	145
563	Edee	Moakes	722	633
564	Karoly	Kobel	816	639
565	Georgeanne	Gooch	67	76
566	Quinton	Tordoff	963	924
567	Philis	Gubbin	164	664
568	Glenna	Quaif	763	107
569	Hazel	Parell	945	191
570	Averyl	Gumn	626	760
571	Lauren	Murkus	159	733
572	Kaitlyn	Albany	686	292
573	Pier	Diaper	222	360
574	Hillary	Landrean	385	754
575	Parnell	Huson	847	5
576	Buffy	McGaraghan	712	873
577	Giacinta	Giacoboni	42	412
578	Kermie	Gladtbach	77	610
579	Hermon	Reed	406	165
580	Saundra	Defty	777	851
581	Janel	Becconsall	102	917
582	Suzie	Tidd	866	68
583	Torre	Christophers	225	572
584	Doralynne	Midlar	199	542
585	Tucky	Hurtado	295	739
586	Dana	MacCafferty	706	219
587	Gwenette	Hallows	425	598
588	Danila	Slayton	317	976
589	Cissiee	Dugdale	639	140
590	Ricky	Maffeo	431	649
591	Calida	Pitrasso	559	333
592	Tiler	Utridge	930	414
593	Doll	Killigrew	530	329
594	Liesa	Sisley	963	535
595	Morey	Sweed	721	931
596	Gail	Anstiss	152	19
597	Shawn	Cruickshanks	552	427
598	Mead	Trussell	831	916
599	Alameda	Hasnney	331	544
600	Ansel	Reames	875	207
601	Avigdor	Kamen	953	55
602	Devy	Housego	559	675
603	Angus	Fiddian	634	649
604	Minny	Baumford	276	627
605	Sharron	Noel	861	265
606	Tasha	Duchateau	443	583
607	Veronike	de Clerc	286	42
608	Earle	Hassekl	66	638
609	Jolene	Hewins	880	57
610	Domeniga	Marrington	487	328
611	Milena	Russilll	552	417
612	Norbie	Wickardt	901	115
613	Sandi	Perutto	277	546
614	Poppy	Minifie	955	839
615	Juliet	Peidro	483	772
616	Cleo	Megany	925	143
617	William	Gerren	682	403
618	Harland	Peiser	232	879
619	Brody	Cawte	123	678
620	Junina	Jacklin	299	574
621	Ingeborg	McNair	837	644
622	Thalia	Arend	888	485
623	Marijn	Giocannoni	918	737
624	Angelina	Batisse	893	369
625	Janka	Eustanch	428	866
626	Ragnar	Killoran	58	982
627	Heriberto	Marham	982	907
628	Ivett	Faber	642	457
629	Sinclare	Rudderham	514	485
630	Jacintha	Maestro	5	188
631	Bernarr	Itzakovitz	62	656
632	Rayna	Pigeram	947	108
633	Carlyle	Heindrich	712	399
634	Del	Dykins	252	925
635	Judon	Richardson	107	543
636	Edouard	Slayton	601	247
637	Theresina	Mogridge	136	637
638	Emmanuel	Borrell	794	709
639	Sloan	Goodwill	481	1000
640	Allie	Denyagin	464	104
641	Sampson	Crigin	243	821
642	Tammy	Finnimore	442	214
643	Alano	Szubert	412	628
644	Gwenny	McDirmid	161	958
645	Rosalinde	Signori	118	282
646	Chick	Cobain	819	949
647	Lombard	Sloyan	105	325
648	Tomasina	Pues	672	417
649	Yolanda	Negro	894	938
650	Amii	Helm	647	722
651	Andy	Leggan	982	354
652	Candra	Frascone	122	161
653	Adrianna	Morlon	469	933
654	Lynde	Smallwood	367	96
655	Tate	Caunter	343	411
656	Ekaterina	Hubbocks	890	746
657	Heinrick	Stillert	598	816
658	Wiatt	Mix	745	318
659	Redford	Playden	790	222
660	Drusilla	Bassom	526	146
661	Jamie	Francesc	375	168
662	Kilian	Clac	604	606
663	Gloria	Martine	80	793
664	Brent	D'Alwis	826	610
665	Sig	Bridgestock	55	734
666	Arlan	Allon	787	301
667	Rafaelia	Nise	190	637
668	Corby	Bartleman	757	819
669	Meyer	Yellowley	643	990
670	Edita	Scanlin	325	364
671	Aloysia	Eddie	345	704
672	Allianora	Samsworth	185	825
673	Mikey	Ashdown	269	774
674	Garnet	Hoxey	472	500
675	Remington	Heathwood	584	950
676	Lucienne	Fresson	99	180
677	Terri	MacCleod	72	545
678	Kellie	Livzey	610	392
679	Siobhan	Tohill	455	455
680	Lily	Sandhill	255	429
681	Shirlee	Ghion	927	257
682	Griswold	Hemphall	629	192
683	Bev	Redferne	221	896
684	George	Riding	297	798
685	Fidole	Charleston	767	802
686	Rodney	Owbrick	290	817
687	Dino	Duddell	471	238
688	Gare	Hawson	725	809
689	Tanney	Eliassen	861	478
690	Jessy	Fogel	8	548
691	Elston	Heams	443	428
692	Tab	McGarrity	485	742
693	Aldin	Whitelock	546	20
694	Lennie	Albert	111	880
695	Rivi	Insoll	332	232
696	Tasia	Straughan	556	290
697	Vicky	Propper	460	550
698	Leontine	Harridge	403	218
699	Elbertina	Dashwood	751	794
700	Wells	Lewendon	901	792
701	Rawley	Dudson	500	823
702	Anderea	Dosdale	126	189
703	Rosie	Pascoe	644	55
704	Abbie	Cromblehome	578	142
705	Silvia	Castilla	733	939
706	Erhard	Dmytryk	377	736
707	Nonah	Cumberland	788	785
708	Noellyn	Bohlmann	999	215
709	Quintina	Medmore	24	44
710	Lonnard	Drinan	942	829
711	Karlene	Scurrell	385	796
712	Quincy	Limpkin	960	203
713	Terese	Millin	313	112
714	Carlin	Lerhinan	274	210
715	Lorettalorna	Grimsdith	899	239
716	Maryanna	Gorgl	823	640
717	Keefe	Mathwen	112	427
718	Wynny	Laurens	727	61
719	Katie	Normanvell	248	365
720	Jorgan	Dongate	550	693
721	Faulkner	Fink	147	47
722	Bess	Douris	264	482
723	Scott	Aspin	16	543
724	Shirley	Stredwick	416	103
725	Bellina	Gay	729	411
726	Astrix	De Caville	659	903
727	Vaughn	Troucher	428	410
728	Marylin	MacVanamy	931	71
729	Amelia	Sneezum	822	891
730	Corly	Harmstone	474	423
731	Obediah	Melliard	286	624
732	Miranda	Bealton	259	695
733	Aurilia	Ponte	397	429
734	Peggi	How	220	602
735	Richy	Havercroft	482	468
736	Isis	Persent	764	541
737	Virgil	Mars	385	685
738	Melony	Ingle	746	955
739	Liz	Tremathack	356	707
740	Lin	Panchen	32	436
741	Morey	Coupe	738	662
742	Carmina	Berthelmot	804	18
743	Marchall	Victor	845	824
744	Ulrikaumeko	Gergler	74	867
745	Cal	Speight	536	198
746	Cordey	MacAlroy	506	124
747	Cicily	Gylle	237	478
748	Storm	Aloway	517	110
749	Minni	Gotmann	503	982
750	Lindsy	Warters	732	628
751	Berkly	Bridden	679	278
752	Orelia	Leyborne	793	752
753	Sheila	Lavies	295	659
754	Brittan	Teissier	837	509
755	Maurise	Ghirigori	355	881
756	Pryce	Pedroni	460	981
757	Randy	Bretland	262	877
758	Betsy	Wellings	516	52
759	Anallise	Hulks	193	861
760	Dee dee	Hamlington	522	943
761	Georgie	Agg	312	46
762	Cordelia	Pawlaczyk	993	931
763	Andie	Rangell	748	271
764	Susette	Gillbey	319	269
765	Husain	Hiers	476	801
766	Kimberly	Kleewein	90	173
767	Gordy	Beddows	36	281
768	Blondelle	Mansel	551	521
769	Sammy	Paradise	3	494
770	Thane	Mordue	386	277
771	Kiah	Metson	917	605
772	Meredeth	Bygott	181	638
773	Anabelle	Yuranovev	65	272
774	Adelice	Jordi	982	550
775	Dunstan	Paradyce	129	807
776	Todd	Sotworth	312	347
777	Angelico	Huygen	761	87
778	Dosi	Trevarthen	672	558
779	Shaw	Wasmer	981	419
780	Townie	Simmen	273	738
781	Byrann	Jerdon	575	428
782	Trent	Klus	620	579
783	Tuck	Keilty	672	245
784	Araldo	Plumridege	600	347
785	Gran	Dik	74	765
786	Guss	Dulanty	485	17
787	Benyamin	Klampt	287	194
788	Zorah	Swires	93	153
789	Euell	Rookeby	55	436
790	Tanya	Pedrozzi	229	502
791	Daryl	Haskew	630	507
792	Amalia	Maryet	936	442
793	Elsey	Josilowski	217	812
794	Cam	De Lascy	826	51
795	Fred	Becks	156	945
796	Jonah	Rainon	394	713
797	Hazel	Redparth	59	886
798	Dare	Ilive	888	877
799	Trev	Horsfield	578	464
800	Panchito	Vallance	265	205
801	Gun	Weatherup	462	654
802	Dore	Emlyn	884	960
803	Edy	Mockes	813	423
804	Orv	Riden	695	230
805	Amelina	Whardley	436	724
806	Marwin	Petyakov	607	706
807	Matthias	Jansema	285	240
808	Frank	Agott	888	838
809	Conway	Blucher	192	980
810	Humberto	Banasevich	309	555
811	Clarinda	Ellam	470	343
812	Freddy	Hirsch	327	30
813	Abie	Clinning	260	288
814	Bruis	Varnam	925	56
815	Fidelio	Tolson	141	534
816	Brittan	Izkovici	570	785
817	Windham	Dufer	586	629
818	Tally	Darbyshire	35	71
819	Chelsy	Ghidetti	200	207
820	Jermaine	McCritichie	323	506
821	Onfroi	Pitherick	224	421
822	Ede	Rainon	475	526
823	Ansell	Reen	952	134
824	Minnie	Abbatt	296	545
825	Audrie	Toupe	82	987
826	Kristine	Infantino	483	257
827	Alexandr	Forrestor	247	741
828	Killie	Benger	761	421
829	Hunt	Duggan	287	194
830	Roselia	Radmer	538	426
831	Donnamarie	Carnow	861	712
832	Laureen	Stellman	537	401
833	Jordon	Rysdale	68	146
834	Allie	Bemment	565	734
835	Sly	Leupold	200	914
836	Weider	Breslane	104	481
837	Gene	Belfelt	623	191
838	Kara-lynn	Black	943	241
839	Willie	Kardos	280	572
840	Piggy	Welfair	220	252
841	Mikaela	Halms	341	750
842	Garik	Deverall	292	970
843	Karon	Hearnshaw	5	769
844	Myra	Boggas	306	311
845	Buffy	Densham	450	673
846	Sapphira	Saxelby	333	278
847	Karie	Brimelow	154	377
848	Jo ann	Nafzger	989	384
849	Dulsea	Elton	846	593
850	Penelopa	Croisdall	842	639
851	Cristabel	Espinos	865	34
852	Torrie	Knowlton	716	910
853	Cindy	Van Eeden	374	224
854	Karisa	Gluyus	549	218
855	Gaspard	Sabater	68	78
856	Sherm	Breache	246	233
857	Alys	Peltzer	47	479
858	Yorgo	D'Andrea	357	973
859	Evey	Flatt	431	784
860	Vite	Stannislawski	866	543
861	Ricoriki	Meers	323	339
862	Madeleine	Olenov	314	618
863	Gayelord	Galliard	242	520
864	Dinnie	Soutter	299	68
865	Midge	Babst	908	592
866	Glori	Yacobsohn	762	117
867	Andris	Twiddle	634	422
868	Bernice	Whotton	545	256
869	Renard	Krolik	284	697
870	Lorelei	Stanion	210	376
871	Randi	Taylder	704	792
872	Leanor	Farryan	183	285
873	Rebeca	Fransemai	614	331
874	Emeline	Roddy	605	912
875	Lukas	Harrell	609	109
876	Jessalin	Spires	984	610
877	Gracia	Philippsohn	811	164
878	Palmer	Yeats	675	192
879	John	Yong	751	850
880	Valentine	Rosenschein	259	564
881	Phylys	Meagher	456	727
882	Crosby	Pinches	10	891
883	Margalo	Witson	370	45
884	Charissa	Pirson	924	442
885	Britteny	Sweeting	868	2
886	Bevin	Forrest	19	308
887	Mariana	Troillet	317	104
888	Guinevere	Nelson	101	515
889	Dyan	Tosspell	465	442
890	Jillana	Rudwell	648	305
891	Sal	Reddyhoff	198	192
892	Cathleen	Tweedlie	990	32
893	Jeff	McCudden	805	173
894	Cyrille	Clogg	930	480
895	Ivette	Cicutto	380	506
896	Deloris	Scuffham	459	456
897	Valerye	Cheesman	985	675
898	Bobbi	Boulstridge	736	422
899	Rhona	Retchless	583	601
900	Guillemette	Fulham	975	60
901	Natal	Breydin	414	493
902	Benetta	Bampkin	17	465
903	Debbi	McClymond	154	377
904	Aveline	Beatty	585	459
905	Frannie	Gallen	28	276
906	Clementine	Pawlaczyk	307	106
907	Damian	Blaydon	90	603
908	Delainey	Dewdeny	6	839
909	Cherianne	Newtown	668	121
910	Charyl	Ilieve	966	88
911	Mela	Sponer	564	144
912	Aridatha	Matussevich	729	600
913	Zondra	Comberbeach	352	769
914	Peter	Hallatt	418	587
915	Barron	Cypler	35	891
916	Cherish	Foystone	472	207
917	Bronnie	Langtree	597	743
918	Corella	Stapells	686	150
919	Arni	Druce	16	109
920	Randy	Nissle	206	82
921	Gerhardine	Malinowski	150	670
922	Boniface	Galpin	785	495
923	Yvonne	Marriot	292	897
924	Nada	Mourant	450	943
925	Denice	Pettipher	926	393
926	Abran	Theseira	808	763
927	Ashlee	Duell	952	664
928	Killie	Widdowes	27	147
929	Winny	Corde	516	775
930	Mareah	Rraundl	915	453
931	Rennie	Trembley	646	208
932	Estel	Pendrill	973	388
933	Errick	Gomes	363	872
934	Cozmo	Siviter	919	845
935	Myrtle	Cockcroft	991	75
936	Ina	Keaveney	482	312
937	Edik	L'Archer	540	815
938	Rona	Boich	590	937
939	Celinda	Botting	64	641
940	Delainey	Scranny	980	40
941	Boot	Targetter	108	749
942	Kelwin	Gutherson	808	226
943	Tansy	Varah	57	80
944	Thorstein	Hallagan	675	798
945	Dredi	Cleeve	772	822
946	Dan	Corp	272	177
947	Egan	Beckmann	466	501
948	Maybelle	Ruddiforth	646	971
949	Humfrid	Rodnight	207	340
950	Elden	Learmonth	227	651
951	Marika	Shaw	494	506
952	Cris	Bennough	963	610
953	Katusha	Miles	824	11
954	Tod	Lackham	471	474
955	Vina	Comizzoli	307	8
956	Thomasina	Diloway	905	721
957	Man	Garlett	982	445
958	Tressa	MacGoun	184	804
959	Vale	Grouse	90	606
960	Maiga	Cleare	730	716
961	Lorelei	Lunam	501	566
962	Norry	Dooney	948	241
963	Aveline	Olenikov	493	667
964	Cherie	Domican	761	513
965	Sergeant	Drejer	706	108
966	Leland	Devennie	729	249
967	Kelvin	Towl	927	374
968	Ricki	Buxcy	557	794
969	Barbi	Attac	393	164
970	Jemimah	Catenot	163	363
971	Shellysheldon	Glanester	43	179
972	Neel	Lumsdaine	656	545
973	Nert	Vigneron	922	378
974	Flor	Evers	660	701
975	Fairleigh	Coppledike	344	698
976	Symon	Broadberry	900	487
977	Nissy	Janiak	611	492
978	Maynard	Garland	10	379
979	Abby	Bottleson	792	542
980	Aggy	Hanster	391	244
981	Wendel	Boagey	565	558
982	Barrett	Gillson	118	429
983	Rozamond	Farquhar	295	119
984	Gilligan	Lowseley	87	694
985	Florella	Jane	346	902
986	Cindi	Wanek	672	445
987	Kris	Axton	278	1000
988	Lauralee	Yggo	353	232
989	Lurlene	Pope	885	351
990	Rochette	Nazer	481	573
991	Luz	Thewles	843	613
992	Giacomo	Everard	540	931
993	Catlaina	Petford	44	54
994	Fern	Karp	913	153
995	Patience	Trainer	897	368
996	Rabbi	Leworthy	373	739
997	Pauly	Adamides	623	383
998	Cordey	Gawkes	447	436
999	Priscilla	Hulance	962	974
1000	Wallie	Kneeshaw	278	329
\.


--
-- Name: addresses_id_addresse_seq; Type: SEQUENCE SET; Schema: public; Owner: postgres
--

SELECT pg_catalog.setval('public.addresses_id_addresse_seq', 1, false);


--
-- Name: car_id_car_seq; Type: SEQUENCE SET; Schema: public; Owner: postgres
--

SELECT pg_catalog.setval('public.car_id_car_seq', 1, false);


--
-- Name: person_id_person_seq; Type: SEQUENCE SET; Schema: public; Owner: postgres
--

SELECT pg_catalog.setval('public.person_id_person_seq', 1, false);


--
-- Name: addresses addresses_pkey; Type: CONSTRAINT; Schema: public; Owner: postgres
--

ALTER TABLE ONLY public.addresses
    ADD CONSTRAINT addresses_pkey PRIMARY KEY (id_addresse);


--
-- Name: car car_pkey; Type: CONSTRAINT; Schema: public; Owner: postgres
--

ALTER TABLE ONLY public.car
    ADD CONSTRAINT car_pkey PRIMARY KEY (id_car);


--
-- Name: person person_pkey; Type: CONSTRAINT; Schema: public; Owner: postgres
--

ALTER TABLE ONLY public.person
    ADD CONSTRAINT person_pkey PRIMARY KEY (id_person);


--
-- Name: person person_id_addresse_fkey; Type: FK CONSTRAINT; Schema: public; Owner: postgres
--

ALTER TABLE ONLY public.person
    ADD CONSTRAINT person_id_addresse_fkey FOREIGN KEY (id_addresse) REFERENCES public.addresses(id_addresse);


--
-- Name: person person_id_car_fkey; Type: FK CONSTRAINT; Schema: public; Owner: postgres
--

ALTER TABLE ONLY public.person
    ADD CONSTRAINT person_id_car_fkey FOREIGN KEY (id_car) REFERENCES public.car(id_car);


--
-- PostgreSQL database dump complete
--

